Workbook
Name NativeTimeline_End_Date_Clean: #N/A
Name NativeTimeline_Join_Date_Clean: #N/A
Name Slicer_Experience_Years: #N/A
Name Slicer_Salary: #N/A
Name Slicer_Salary_Range: #N/A
Name Slicer_Status_Clean: #N/A

Sheet Messy_Data
A1: Emp ID | B1: Emp ID Clean | C1: Emp Name | D1: Emp Name Clean | E1: Department | F1: Department Clean | G1: Join Date | H1: Join Date Clean | I1: End Date | J1: End Date Clean | K1: Mobile No | L1: Mobile No Clean | M1: Email | N1: Email Clean | O1: Salary | P1: Salary Range | Q1: Salary Range Count | R1: Manager ID | S1: Manager ID Clean | T1: Status | U1: Status Clean | V1: Experience Days | W1: Experience Months | X1: Experience Years | Y1: Total Resigned | Z1: Avg Exp Resi Emp Years | AA1: High Salary & Low Exp Audit
A2: EMP1 | B2: =TRIM(UPPER(A2)) -> EMP1 | C2: ravi | D2: =PROPER(TRIM(C2)) -> Ravi | E2: IT | F2: =TRIM(UPPER(E2)) -> IT | G2: 2022/01/17 | H2: =DATEVALUE(G2) -> 44578 | I2: 2025/03/04 | J2: =IF(I2="",TODAY(),DATEVALUE(I2)) -> 45720 | K2: 9878481087 | L2: =VALUE(K2) -> 9878481087 | M2: Amit@company.com | N2: =TRIM(LOWER(M2)) -> amit@company.com | O2: 16661 | P2: =IF(O2<20000,"Below 20K", IF(O2<=40000,"20K-40K", IF(O2<=60000,"40K-60K", IF(O2<=80000,"60K-80K", "Above 80K")))) -> Below 20K | Q2: Below 20K | R2: M4 | S2: =TRIM(CLEAN(SUBSTITUTE(R2," ",""))) -> M4 | T2: RESIGNED | U2: =TRIM(UPPER(T2)) -> RESIGNED | V2: =DATEDIF(H2,J2,"D") -> 1142 | W2: =DATEDIF(H2,J2,"M") -> 37 | X2: =DATEDIF(H2,J2,"Y") -> 3 | Y2: =COUNTIF($U:$U,"RESIGNED") -> 120 | Z2: =AVERAGEIF(U:U,"RESIGNED",X:X) -> 1.9166667 | AA2: =IF(AND(O2>80000,X2<2),"CHECK","OK") -> OK
A3: EMP2 | B3: =TRIM(UPPER(A3)) -> EMP2 | C3: ravi | D3: =PROPER(TRIM(C3)) -> Ravi | E3: Finance | F3: =TRIM(UPPER(E3)) -> FINANCE | G3: 2023/08/13 | H3: =DATEVALUE(G3) -> 45151 | I3: 2023/11/15 | J3: =IF(I3="",TODAY(),DATEVALUE(I3)) -> 45245 | K3: 9377218497 | L3: =VALUE(K3) -> 9377218497 | M3: Pooja@company.com | N3: =TRIM(LOWER(M3)) -> pooja@company.com | O3: 66881 | P3: =IF(O3<20000,"Below 20K", IF(O3<=40000,"20K-40K", IF(O3<=60000,"40K-60K", IF(O3<=80000,"60K-80K", "Above 80K")))) -> 60K-80K | Q3: =COUNTIF($P:$P,"Below 20k") -> 38 | R3: M8 | S3: =TRIM(CLEAN(SUBSTITUTE(R3," ",""))) -> M8 | T3: RESIGNED | U3: =TRIM(UPPER(T3)) -> RESIGNED | V3: =DATEDIF(H3,J3,"D") -> 94 | W3: =DATEDIF(H3,J3,"M") -> 3 | X3: =DATEDIF(H3,J3,"Y") -> 0 | AA3: =IF(AND(O3>80000,X3<2),"CHECK","OK") -> OK
A4: EMP3 | B4: =TRIM(UPPER(A4)) -> EMP3 | C4: ankit | D4: =PROPER(TRIM(C4)) -> Ankit | E4: HR | F4: =TRIM(UPPER(E4)) -> HR | G4: 25-11-2022 | H4: =DATEVALUE(G4) -> 44890 | I4: 2023/03/12 | J4: =IF(I4="",TODAY(),DATEVALUE(I4)) -> 44997 | K4: 9595920356 | L4: =VALUE(K4) -> 9595920356 | M4: SURESH@company.com | N4: =TRIM(LOWER(M4)) -> suresh@company.com | O4: 86913 | P4: =IF(O4<20000,"Below 20K", IF(O4<=40000,"20K-40K", IF(O4<=60000,"40K-60K", IF(O4<=80000,"60K-80K", "Above 80K")))) -> Above 80K | R4: M3 | S4: =TRIM(CLEAN(SUBSTITUTE(R4," ",""))) -> M3 | T4: On Hold | U4: =TRIM(UPPER(T4)) -> ON HOLD | V4: =DATEDIF(H4,J4,"D") -> 107 | W4: =DATEDIF(H4,J4,"M") -> 3 | X4: =DATEDIF(H4,J4,"Y") -> 0 | Y4: Total Active | Z4: Avg Exp Active Emp Months | AA4: =IF(AND(O4>80000,X4<2),"CHECK","OK") -> CHECK
A5: emp4 | B5: =TRIM(UPPER(A5)) -> EMP4 | C5: ravi | D5: =PROPER(TRIM(C5)) -> Ravi | E5: it | F5: =TRIM(UPPER(E5)) -> IT | G5: 2020/09/14 | H5: =DATEVALUE(G5) -> 44088 | I5: 2022/02/06 | J5: =IF(I5="",TODAY(),DATEVALUE(I5)) -> 44598 | K5: 9941224943 | L5: =VALUE(K5) -> 9941224943 | M5: neha@company.com | N5: =TRIM(LOWER(M5)) -> neha@company.com | O5: 33885 | P5: =IF(O5<20000,"Below 20K", IF(O5<=40000,"20K-40K", IF(O5<=60000,"40K-60K", IF(O5<=80000,"60K-80K", "Above 80K")))) -> 20K-40K | Q5: 20K-40K | R5: M8 | S5: =TRIM(CLEAN(SUBSTITUTE(R5," ",""))) -> M8 | T5: Active | U5: =TRIM(UPPER(T5)) -> ACTIVE | V5: =DATEDIF(H5,J5,"D") -> 510 | W5: =DATEDIF(H5,J5,"M") -> 16 | X5: =DATEDIF(H5,J5,"Y") -> 1 | Y5: =COUNTIF($U:$U,"ACTIVE") -> 105 | Z5: =AVERAGEIF(U:U,"ACTIVE",W:W) -> 29.066667 | AA5: =IF(AND(O5>80000,X5<2),"CHECK","OK") -> OK
A6: EMP5 | B6: =TRIM(UPPER(A6)) -> EMP5 | C6: Amit | D6: =PROPER(TRIM(C6)) -> Amit | E6: Sales | F6: =TRIM(UPPER(E6)) -> SALES | G6: 2021/11/16 | H6: =DATEVALUE(G6) -> 44516 | I6: 20-08-2025 | J6: =IF(I6="",TODAY(),DATEVALUE(I6)) -> 45889 | K6: 9245370465 | L6: =VALUE(K6) -> 9245370465 | M6: ravi@company.com | N6: =TRIM(LOWER(M6)) -> ravi@company.com | O6: 94504 | P6: =IF(O6<20000,"Below 20K", IF(O6<=40000,"20K-40K", IF(O6<=60000,"40K-60K", IF(O6<=80000,"60K-80K", "Above 80K")))) -> Above 80K | Q6: =COUNTIF($P:$P,"20K-40K") -> 76 | R6: M9 | S6: =TRIM(CLEAN(SUBSTITUTE(R6," ",""))) -> M9 | T6: resigned | U6: =TRIM(UPPER(T6)) -> RESIGNED | V6: =DATEDIF(H6,J6,"D") -> 1373 | W6: =DATEDIF(H6,J6,"M") -> 45 | X6: =DATEDIF(H6,J6,"Y") -> 3 | AA6: =IF(AND(O6>80000,X6<2),"CHECK","OK") -> OK
A7: EMP6 | B7: =TRIM(UPPER(A7)) -> EMP6 | C7: Sunita | D7: =PROPER(TRIM(C7)) -> Sunita | E7: finance | F7: =TRIM(UPPER(E7)) -> FINANCE | G7: 06-10-2019 | H7: =DATEVALUE(G7) -> 43744 | I7: 2020/03/08 | J7: =IF(I7="",TODAY(),DATEVALUE(I7)) -> 43898 | K7: 9349938125 | L7: =VALUE(K7) -> 9349938125 | M7: KIRAN@company.com | N7: =TRIM(LOWER(M7)) -> kiran@company.com | O7: 49791 | P7: =IF(O7<20000,"Below 20K", IF(O7<=40000,"20K-40K", IF(O7<=60000,"40K-60K", IF(O7<=80000,"60K-80K", "Above 80K")))) -> 40K-60K | R7: M16 | S7: =TRIM(CLEAN(SUBSTITUTE(R7," ",""))) -> M16 | T7: RESIGNED | U7: =TRIM(UPPER(T7)) -> RESIGNED | V7: =DATEDIF(H7,J7,"D") -> 154 | W7: =DATEDIF(H7,J7,"M") -> 5 | X7: =DATEDIF(H7,J7,"Y") -> 0 | Y7: Total On Hold | Z7: Highest 1st Salary Option 1 | AA7: =IF(AND(O7>80000,X7<2),"CHECK","OK") -> OK
A8: EMP7 | B8: =TRIM(UPPER(A8)) -> EMP7 | C8: ravi | D8: =PROPER(TRIM(C8)) -> Ravi | E8: Finance | F8: =TRIM(UPPER(E8)) -> FINANCE | G8: 2021/01/18 | H8: =DATEVALUE(G8) -> 44214 | J8: =IF(I8="",TODAY(),DATEVALUE(I8)) -> 46024 | K8: 9900001110 | L8: =VALUE(K8) -> 9900001110 | M8: KIRAN@company.com | N8: =TRIM(LOWER(M8)) -> kiran@company.com | O8: 86686 | P8: =IF(O8<20000,"Below 20K", IF(O8<=40000,"20K-40K", IF(O8<=60000,"40K-60K", IF(O8<=80000,"60K-80K", "Above 80K")))) -> Above 80K | Q8: 40K-60K | R8: M2 | S8: =TRIM(CLEAN(SUBSTITUTE(R8," ",""))) -> M2 | T8: resigned | U8: =TRIM(UPPER(T8)) -> RESIGNED | V8: =DATEDIF(H8,J8,"D") -> 1810 | W8: =DATEDIF(H8,J8,"M") -> 59 | X8: =DATEDIF(H8,J8,"Y") -> 4 | Y8: =COUNTIF($U:$U,"ON HOLD") -> 75 | Z8: =LARGE(O:O,1) -> 94569 | AA8: =IF(AND(O8>80000,X8<2),"CHECK","OK") -> OK
A9: emp8 | B9: =TRIM(UPPER(A9)) -> EMP8 | C9: Sunita | D9: =PROPER(TRIM(C9)) -> Sunita | E9: hr | F9: =TRIM(UPPER(E9)) -> HR | G9: 2022/06/14 | H9: =DATEVALUE(G9) -> 44726 | I9: 2026/02/08 | J9: =IF(I9="",TODAY(),DATEVALUE(I9)) -> 46061 | K9: 9125742616 | L9: =VALUE(K9) -> 9125742616 | M9: Pooja@gmail.com | N9: =TRIM(LOWER(M9)) -> pooja@gmail.com | O9: 37975 | P9: =IF(O9<20000,"Below 20K", IF(O9<=40000,"20K-40K", IF(O9<=60000,"40K-60K", IF(O9<=80000,"60K-80K", "Above 80K")))) -> 20K-40K | Q9: =COUNTIF($P:$P,"40K-60K") -> 66 | R9: M13 | S9: =TRIM(CLEAN(SUBSTITUTE(R9," ",""))) -> M13 | T9: Active | U9: =TRIM(UPPER(T9)) -> ACTIVE | V9: =DATEDIF(H9,J9,"D") -> 1335 | W9: =DATEDIF(H9,J9,"M") -> 43 | X9: =DATEDIF(H9,J9,"Y") -> 3 | AA9: =IF(AND(O9>80000,X9<2),"CHECK","OK") -> OK
A10: EMP9 | B10: =TRIM(UPPER(A10)) -> EMP9 | C10: Pooja | D10: =PROPER(TRIM(C10)) -> Pooja | E10: it | F10: =TRIM(UPPER(E10)) -> IT | G10: 02-02-2023 | H10: =DATEVALUE(G10) -> 44959 | I10: 2025/07/06 | J10: =IF(I10="",TODAY(),DATEVALUE(I10)) -> 45844 | K10: 9188103283 | L10: =VALUE(K10) -> 9188103283 | M10: neha@company.com | N10: =TRIM(LOWER(M10)) -> neha@company.com | O10: 18480 | P10: =IF(O10<20000,"Below 20K", IF(O10<=40000,"20K-40K", IF(O10<=60000,"40K-60K", IF(O10<=80000,"60K-80K", "Above 80K")))) -> Below 20K | R10: M 13 | S10: =TRIM(CLEAN(SUBSTITUTE(R10," ",""))) -> M13 | T10: RESIGNED | U10: =TRIM(UPPER(T10)) -> RESIGNED | V10: =DATEDIF(H10,J10,"D") -> 885 | W10: =DATEDIF(H10,J10,"M") -> 29 | X10: =DATEDIF(H10,J10,"Y") -> 2 | Z10: Highest 5th Salary Option 2 | AA10: =IF(AND(O10>80000,X10<2),"CHECK","OK") -> OK
A11: EMP10 | B11: =TRIM(UPPER(A11)) -> EMP10 | C11: ravi | D11: =PROPER(TRIM(C11)) -> Ravi | E11: it | F11: =TRIM(UPPER(E11)) -> IT | G11: 2021/08/16 | H11: =DATEVALUE(G11) -> 44424 | I11: 10-04-2023 | J11: =IF(I11="",TODAY(),DATEVALUE(I11)) -> 45026 | K11: 9526289266 | L11: =VALUE(K11) -> 9526289266 | M11: Sunita@company.com | N11: =TRIM(LOWER(M11)) -> sunita@company.com | O11: 72669 | P11: =IF(O11<20000,"Below 20K", IF(O11<=40000,"20K-40K", IF(O11<=60000,"40K-60K", IF(O11<=80000,"60K-80K", "Above 80K")))) -> 60K-80K | Q11: 60K-80K | R11: M14 | S11: =TRIM(CLEAN(SUBSTITUTE(R11," ",""))) -> M14 | T11: On Hold | U11: =TRIM(UPPER(T11)) -> ON HOLD | V11: =DATEDIF(H11,J11,"D") -> 602 | W11: =DATEDIF(H11,J11,"M") -> 19 | X11: =DATEDIF(H11,J11,"Y") -> 1 | Z11: =LARGE(O:O,5) -> 94195 | AA11: =IF(AND(O11>80000,X11<2),"CHECK","OK") -> OK
A12: EMP11 | B12: =TRIM(UPPER(A12)) -> EMP11 | C12: Sunita | D12: =PROPER(TRIM(C12)) -> Sunita | E12: hr | F12: =TRIM(UPPER(E12)) -> HR | G12: 2019/02/01 | H12: =DATEVALUE(G12) -> 43497 | I12: 2019/08/07 | J12: =IF(I12="",TODAY(),DATEVALUE(I12)) -> 43684 | K12: 9302136537 | L12: =VALUE(K12) -> 9302136537 | M12: neha@company.com | N12: =TRIM(LOWER(M12)) -> neha@company.com | O12: 17443 | P12: =IF(O12<20000,"Below 20K", IF(O12<=40000,"20K-40K", IF(O12<=60000,"40K-60K", IF(O12<=80000,"60K-80K", "Above 80K")))) -> Below 20K | Q12: =COUNTIF($P:$P,"60K-80K") -> 69 | R12: M12 | S12: =TRIM(CLEAN(SUBSTITUTE(R12," ",""))) -> M12 | T12: resigned | U12: =TRIM(UPPER(T12)) -> RESIGNED | V12: =DATEDIF(H12,J12,"D") -> 187 | W12: =DATEDIF(H12,J12,"M") -> 6 | X12: =DATEDIF(H12,J12,"Y") -> 0 | AA12: =IF(AND(O12>80000,X12<2),"CHECK","OK") -> OK
A13: emp12 | B13: =TRIM(UPPER(A13)) -> EMP12 | C13: Pooja | D13: =PROPER(TRIM(C13)) -> Pooja | E13: hr | F13: =TRIM(UPPER(E13)) -> HR | G13: 08-03-2019 | H13: =DATEVALUE(G13) -> 43532 | I13: 2021/05/26 | J13: =IF(I13="",TODAY(),DATEVALUE(I13)) -> 44342 | K13: 9887171748 | L13: =VALUE(K13) -> 9887171748 | M13: SURESH@company.com | N13: =TRIM(LOWER(M13)) -> suresh@company.com | O13: 57006 | P13: =IF(O13<20000,"Below 20K", IF(O13<=40000,"20K-40K", IF(O13<=60000,"40K-60K", IF(O13<=80000,"60K-80K", "Above 80K")))) -> 40K-60K | R13: M20 | S13: =TRIM(CLEAN(SUBSTITUTE(R13," ",""))) -> M20 | T13: Active | U13: =TRIM(UPPER(T13)) -> ACTIVE | V13: =DATEDIF(H13,J13,"D") -> 810 | W13: =DATEDIF(H13,J13,"M") -> 26 | X13: =DATEDIF(H13,J13,"Y") -> 2 | AA13: =IF(AND(O13>80000,X13<2),"CHECK","OK") -> OK
A14: EMP13 | B14: =TRIM(UPPER(A14)) -> EMP13 | C14: SURESH | D14: =PROPER(TRIM(C14)) -> Suresh | E14: HR | F14: =TRIM(UPPER(E14)) -> HR | G14: 2022/09/07 | H14: =DATEVALUE(G14) -> 44811 | I14: 2023/02/07 | J14: =IF(I14="",TODAY(),DATEVALUE(I14)) -> 44964 | K14: 9561915728 | L14: =VALUE(K14) -> 9561915728 | M14: ankit@company.com | N14: =TRIM(LOWER(M14)) -> ankit@company.com | O14: 94507 | P14: =IF(O14<20000,"Below 20K", IF(O14<=40000,"20K-40K", IF(O14<=60000,"40K-60K", IF(O14<=80000,"60K-80K", "Above 80K")))) -> Above 80K | Q14: Above 80K | R14: M24 | S14: =TRIM(CLEAN(SUBSTITUTE(R14," ",""))) -> M24 | T14: On Hold | U14: =TRIM(UPPER(T14)) -> ON HOLD | V14: =DATEDIF(H14,J14,"D") -> 153 | W14: =DATEDIF(H14,J14,"M") -> 5 | X14: =DATEDIF(H14,J14,"Y") -> 0 | AA14: =IF(AND(O14>80000,X14<2),"CHECK","OK") -> CHECK
A15: EMP14 | B15: =TRIM(UPPER(A15)) -> EMP14 | C15: Pooja | D15: =PROPER(TRIM(C15)) -> Pooja | E15: Sales | F15: =TRIM(UPPER(E15)) -> SALES | G15: 2020/06/09 | H15: =DATEVALUE(G15) -> 43991 | J15: =IF(I15="",TODAY(),DATEVALUE(I15)) -> 46024 | K15: 9803274000 | L15: =VALUE(K15) -> 9803274000 | M15: KIRAN@company.com | N15: =TRIM(LOWER(M15)) -> kiran@company.com | O15: 49081 | P15: =IF(O15<20000,"Below 20K", IF(O15<=40000,"20K-40K", IF(O15<=60000,"40K-60K", IF(O15<=80000,"60K-80K", "Above 80K")))) -> 40K-60K | Q15: =COUNTIF($P:$P,"Above 80k") -> 51 | R15: M16 | S15: =TRIM(CLEAN(SUBSTITUTE(R15," ",""))) -> M16 | T15: resigned | U15: =TRIM(UPPER(T15)) -> RESIGNED | V15: =DATEDIF(H15,J15,"D") -> 2033 | W15: =DATEDIF(H15,J15,"M") -> 66 | X15: =DATEDIF(H15,J15,"Y") -> 5 | AA15: =IF(AND(O15>80000,X15<2),"CHECK","OK") -> OK
A16: EMP15 | B16: =TRIM(UPPER(A16)) -> EMP15 | C16: SURESH | D16: =PROPER(TRIM(C16)) -> Suresh | E16: it | F16: =TRIM(UPPER(E16)) -> IT | G16: 08-02-2023 | H16: =DATEVALUE(G16) -> 44965 | I16: 12-07-2025 | J16: =IF(I16="",TODAY(),DATEVALUE(I16)) -> 45850 | K16: 9531992521 | L16: =VALUE(K16) -> 9531992521 | M16: SURESH@company.com | N16: =TRIM(LOWER(M16)) -> suresh@company.com | O16: 69406 | P16: =IF(O16<20000,"Below 20K", IF(O16<=40000,"20K-40K", IF(O16<=60000,"40K-60K", IF(O16<=80000,"60K-80K", "Above 80K")))) -> 60K-80K | R16: M2 | S16: =TRIM(CLEAN(SUBSTITUTE(R16," ",""))) -> M2 | T16: On Hold | U16: =TRIM(UPPER(T16)) -> ON HOLD | V16: =DATEDIF(H16,J16,"D") -> 885 | W16: =DATEDIF(H16,J16,"M") -> 29 | X16: =DATEDIF(H16,J16,"Y") -> 2 | AA16: =IF(AND(O16>80000,X16<2),"CHECK","OK") -> OK
A17: emp16 | B17: =TRIM(UPPER(A17)) -> EMP16 | C17: ankit | D17: =PROPER(TRIM(C17)) -> Ankit | E17: it | F17: =TRIM(UPPER(E17)) -> IT | G17: 2023/11/05 | H17: =DATEVALUE(G17) -> 45235 | I17: 2024/07/14 | J17: =IF(I17="",TODAY(),DATEVALUE(I17)) -> 45487 | K17: 9705437429 | L17: =VALUE(K17) -> 9705437429 | M17: SURESH@gmail.com | N17: =TRIM(LOWER(M17)) -> suresh@gmail.com | O17: 18834 | P17: =IF(O17<20000,"Below 20K", IF(O17<=40000,"20K-40K", IF(O17<=60000,"40K-60K", IF(O17<=80000,"60K-80K", "Above 80K")))) -> Below 20K | R17: M20 | S17: =TRIM(CLEAN(SUBSTITUTE(R17," ",""))) -> M20 | T17: On Hold | U17: =TRIM(UPPER(T17)) -> ON HOLD | V17: =DATEDIF(H17,J17,"D") -> 252 | W17: =DATEDIF(H17,J17,"M") -> 8 | X17: =DATEDIF(H17,J17,"Y") -> 0 | AA17: =IF(AND(O17>80000,X17<2),"CHECK","OK") -> OK
A18: EMP17 | B18: =TRIM(UPPER(A18)) -> EMP17 | C18: neha | D18: =PROPER(TRIM(C18)) -> Neha | E18: IT | F18: =TRIM(UPPER(E18)) -> IT | G18: 2019/05/28 | H18: =DATEVALUE(G18) -> 43613 | I18: 2022/06/25 | J18: =IF(I18="",TODAY(),DATEVALUE(I18)) -> 44737 | K18: 9970816343 | L18: =VALUE(K18) -> 9970816343 | M18: SURESH@company.com | N18: =TRIM(LOWER(M18)) -> suresh@company.com | O18: 38952 | P18: =IF(O18<20000,"Below 20K", IF(O18<=40000,"20K-40K", IF(O18<=60000,"40K-60K", IF(O18<=80000,"60K-80K", "Above 80K")))) -> 20K-40K | R18: M3 | S18: =TRIM(CLEAN(SUBSTITUTE(R18," ",""))) -> M3 | T18: resigned | U18: =TRIM(UPPER(T18)) -> RESIGNED | V18: =DATEDIF(H18,J18,"D") -> 1124 | W18: =DATEDIF(H18,J18,"M") -> 36 | X18: =DATEDIF(H18,J18,"Y") -> 3 | AA18: =IF(AND(O18>80000,X18<2),"CHECK","OK") -> OK
A19: EMP18 | B19: =TRIM(UPPER(A19)) -> EMP18 | C19: ankit | D19: =PROPER(TRIM(C19)) -> Ankit | E19: it | F19: =TRIM(UPPER(E19)) -> IT | G19: 27-03-2020 | H19: =DATEVALUE(G19) -> 43917 | I19: 2020/09/12 | J19: =IF(I19="",TODAY(),DATEVALUE(I19)) -> 44086 | K19: 9131591320 | L19: =VALUE(K19) -> 9131591320 | M19: neha@company.com | N19: =TRIM(LOWER(M19)) -> neha@company.com | O19: 35910 | P19: =IF(O19<20000,"Below 20K", IF(O19<=40000,"20K-40K", IF(O19<=60000,"40K-60K", IF(O19<=80000,"60K-80K", "Above 80K")))) -> 20K-40K | R19: M 20 | S19: =TRIM(CLEAN(SUBSTITUTE(R19," ",""))) -> M20 | T19: resigned | U19: =TRIM(UPPER(T19)) -> RESIGNED | V19: =DATEDIF(H19,J19,"D") -> 169 | W19: =DATEDIF(H19,J19,"M") -> 5 | X19: =DATEDIF(H19,J19,"Y") -> 0 | AA19: =IF(AND(O19>80000,X19<2),"CHECK","OK") -> OK
A20: EMP19 | B20: =TRIM(UPPER(A20)) -> EMP19 | C20: vikas | D20: =PROPER(TRIM(C20)) -> Vikas | E20: hr | F20: =TRIM(UPPER(E20)) -> HR | G20: 2020/01/21 | H20: =DATEVALUE(G20) -> 43851 | I20: 2022/11/09 | J20: =IF(I20="",TODAY(),DATEVALUE(I20)) -> 44874 | K20: 9544962090 | L20: =VALUE(K20) -> 9544962090 | M20: vikas@company.com | N20: =TRIM(LOWER(M20)) -> vikas@company.com | O20: 30231 | P20: =IF(O20<20000,"Below 20K", IF(O20<=40000,"20K-40K", IF(O20<=60000,"40K-60K", IF(O20<=80000,"60K-80K", "Above 80K")))) -> 20K-40K | R20: M10 | S20: =TRIM(CLEAN(SUBSTITUTE(R20," ",""))) -> M10 | T20: resigned | U20: =TRIM(UPPER(T20)) -> RESIGNED | V20: =DATEDIF(H20,J20,"D") -> 1023 | W20: =DATEDIF(H20,J20,"M") -> 33 | X20: =DATEDIF(H20,J20,"Y") -> 2 | AA20: =IF(AND(O20>80000,X20<2),"CHECK","OK") -> OK
A21: emp20 | B21: =TRIM(UPPER(A21)) -> EMP20 | C21: vikas | D21: =PROPER(TRIM(C21)) -> Vikas | E21: it | F21: =TRIM(UPPER(E21)) -> IT | G21: 2023/08/23 | H21: =DATEVALUE(G21) -> 45161 | I21: 23-01-2025 | J21: =IF(I21="",TODAY(),DATEVALUE(I21)) -> 45680 | K21: 9274871734 | L21: =VALUE(K21) -> 9274871734 | M21: SURESH@company.com | N21: =TRIM(LOWER(M21)) -> suresh@company.com | O21: 75026 | P21: =IF(O21<20000,"Below 20K", IF(O21<=40000,"20K-40K", IF(O21<=60000,"40K-60K", IF(O21<=80000,"60K-80K", "Above 80K")))) -> 60K-80K | R21: M3 | S21: =TRIM(CLEAN(SUBSTITUTE(R21," ",""))) -> M3 | T21: RESIGNED | U21: =TRIM(UPPER(T21)) -> RESIGNED | V21: =DATEDIF(H21,J21,"D") -> 519 | W21: =DATEDIF(H21,J21,"M") -> 17 | X21: =DATEDIF(H21,J21,"Y") -> 1 | AA21: =IF(AND(O21>80000,X21<2),"CHECK","OK") -> OK
A22: EMP21 | B22: =TRIM(UPPER(A22)) -> EMP21 | C22: neha | D22: =PROPER(TRIM(C22)) -> Neha | E22: hr | F22: =TRIM(UPPER(E22)) -> HR | G22: 21-07-2022 | H22: =DATEVALUE(G22) -> 44763 | J22: =IF(I22="",TODAY(),DATEVALUE(I22)) -> 46024 | K22: 9260910861 | L22: =VALUE(K22) -> 9260910861 | M22: ravi@company.com | N22: =TRIM(LOWER(M22)) -> ravi@company.com | O22: 56487 | P22: =IF(O22<20000,"Below 20K", IF(O22<=40000,"20K-40K", IF(O22<=60000,"40K-60K", IF(O22<=80000,"60K-80K", "Above 80K")))) -> 40K-60K | R22: M9 | S22: =TRIM(CLEAN(SUBSTITUTE(R22," ",""))) -> M9 | T22: On Hold | U22: =TRIM(UPPER(T22)) -> ON HOLD | V22: =DATEDIF(H22,J22,"D") -> 1261 | W22: =DATEDIF(H22,J22,"M") -> 41 | X22: =DATEDIF(H22,J22,"Y") -> 3 | AA22: =IF(AND(O22>80000,X22<2),"CHECK","OK") -> OK
A23: EMP22 | B23: =TRIM(UPPER(A23)) -> EMP22 | C23: RAHUL | D23: =PROPER(TRIM(C23)) -> Rahul | E23: HR | F23: =TRIM(UPPER(E23)) -> HR | G23: 2022/05/04 | H23: =DATEVALUE(G23) -> 44685 | I23: 2024/03/26 | J23: =IF(I23="",TODAY(),DATEVALUE(I23)) -> 45377 | K23: 9864320135 | L23: =VALUE(K23) -> 9864320135 | M23: RAHUL@company.com | N23: =TRIM(LOWER(M23)) -> rahul@company.com | O23: 13552 | P23: =IF(O23<20000,"Below 20K", IF(O23<=40000,"20K-40K", IF(O23<=60000,"40K-60K", IF(O23<=80000,"60K-80K", "Above 80K")))) -> Below 20K | R23: M13 | S23: =TRIM(CLEAN(SUBSTITUTE(R23," ",""))) -> M13 | T23: RESIGNED | U23: =TRIM(UPPER(T23)) -> RESIGNED | V23: =DATEDIF(H23,J23,"D") -> 692 | W23: =DATEDIF(H23,J23,"M") -> 22 | X23: =DATEDIF(H23,J23,"Y") -> 1 | AA23: =IF(AND(O23>80000,X23<2),"CHECK","OK") -> OK
A24: EMP23 | B24: =TRIM(UPPER(A24)) -> EMP23 | C24: vikas | D24: =PROPER(TRIM(C24)) -> Vikas | E24: it | F24: =TRIM(UPPER(E24)) -> IT | G24: 2022/12/23 | H24: =DATEVALUE(G24) -> 44918 | I24: 2024/04/27 | J24: =IF(I24="",TODAY(),DATEVALUE(I24)) -> 45409 | K24: 9967616524 | L24: =VALUE(K24) -> 9967616524 | M24: KIRAN@company.com | N24: =TRIM(LOWER(M24)) -> kiran@company.com | O24: 20431 | P24: =IF(O24<20000,"Below 20K", IF(O24<=40000,"20K-40K", IF(O24<=60000,"40K-60K", IF(O24<=80000,"60K-80K", "Above 80K")))) -> 20K-40K | R24: M5 | S24: =TRIM(CLEAN(SUBSTITUTE(R24," ",""))) -> M5 | T24: On Hold | U24: =TRIM(UPPER(T24)) -> ON HOLD | V24: =DATEDIF(H24,J24,"D") -> 491 | W24: =DATEDIF(H24,J24,"M") -> 16 | X24: =DATEDIF(H24,J24,"Y") -> 1 | AA24: =IF(AND(O24>80000,X24<2),"CHECK","OK") -> OK
A25: emp24 | B25: =TRIM(UPPER(A25)) -> EMP24 | C25: Pooja | D25: =PROPER(TRIM(C25)) -> Pooja | E25: HR | F25: =TRIM(UPPER(E25)) -> HR | G25: 31-05-2021 | H25: =DATEVALUE(G25) -> 44347 | I25: 2025/03/25 | J25: =IF(I25="",TODAY(),DATEVALUE(I25)) -> 45741 | K25: 9540236491 | L25: =VALUE(K25) -> 9540236491 | M25: neha@gmail.com | N25: =TRIM(LOWER(M25)) -> neha@gmail.com | O25: 89209 | P25: =IF(O25<20000,"Below 20K", IF(O25<=40000,"20K-40K", IF(O25<=60000,"40K-60K", IF(O25<=80000,"60K-80K", "Above 80K")))) -> Above 80K | R25: M19 | S25: =TRIM(CLEAN(SUBSTITUTE(R25," ",""))) -> M19 | T25: Active | U25: =TRIM(UPPER(T25)) -> ACTIVE | V25: =DATEDIF(H25,J25,"D") -> 1394 | W25: =DATEDIF(H25,J25,"M") -> 45 | X25: =DATEDIF(H25,J25,"Y") -> 3 | AA25: =IF(AND(O25>80000,X25<2),"CHECK","OK") -> OK
A26: EMP25 | B26: =TRIM(UPPER(A26)) -> EMP25 | C26: Sunita | D26: =PROPER(TRIM(C26)) -> Sunita | E26: sales | F26: =TRIM(UPPER(E26)) -> SALES | G26: 2019/11/12 | H26: =DATEVALUE(G26) -> 43781 | I26: 23-06-2021 | J26: =IF(I26="",TODAY(),DATEVALUE(I26)) -> 44370 | K26: 9335638101 | L26: =VALUE(K26) -> 9335638101 | M26: neha@company.com | N26: =TRIM(LOWER(M26)) -> neha@company.com | O26: 26420 | P26: =IF(O26<20000,"Below 20K", IF(O26<=40000,"20K-40K", IF(O26<=60000,"40K-60K", IF(O26<=80000,"60K-80K", "Above 80K")))) -> 20K-40K | R26: M20 | S26: =TRIM(CLEAN(SUBSTITUTE(R26," ",""))) -> M20 | T26: resigned | U26: =TRIM(UPPER(T26)) -> RESIGNED | V26: =DATEDIF(H26,J26,"D") -> 589 | W26: =DATEDIF(H26,J26,"M") -> 19 | X26: =DATEDIF(H26,J26,"Y") -> 1 | AA26: =IF(AND(O26>80000,X26<2),"CHECK","OK") -> OK
A27: EMP26 | B27: =TRIM(UPPER(A27)) -> EMP26 | C27: Sunita | D27: =PROPER(TRIM(C27)) -> Sunita | E27: sales | F27: =TRIM(UPPER(E27)) -> SALES | G27: 2019/04/07 | H27: =DATEVALUE(G27) -> 43562 | I27: 2021/07/15 | J27: =IF(I27="",TODAY(),DATEVALUE(I27)) -> 44392 | K27: 9567209295 | L27: =VALUE(K27) -> 9567209295 | M27: RAHUL@company.com | N27: =TRIM(LOWER(M27)) -> rahul@company.com | O27: 48833 | P27: =IF(O27<20000,"Below 20K", IF(O27<=40000,"20K-40K", IF(O27<=60000,"40K-60K", IF(O27<=80000,"60K-80K", "Above 80K")))) -> 40K-60K | R27: M15 | S27: =TRIM(CLEAN(SUBSTITUTE(R27," ",""))) -> M15 | T27: Active | U27: =TRIM(UPPER(T27)) -> ACTIVE | V27: =DATEDIF(H27,J27,"D") -> 830 | W27: =DATEDIF(H27,J27,"M") -> 27 | X27: =DATEDIF(H27,J27,"Y") -> 2 | AA27: =IF(AND(O27>80000,X27<2),"CHECK","OK") -> OK
A28: EMP27 | B28: =TRIM(UPPER(A28)) -> EMP27 | C28: Amit | D28: =PROPER(TRIM(C28)) -> Amit | E28: finance | F28: =TRIM(UPPER(E28)) -> FINANCE | G28: 26-03-2023 | H28: =DATEVALUE(G28) -> 45011 | I28: 2026/11/26 | J28: =IF(I28="",TODAY(),DATEVALUE(I28)) -> 46352 | K28: 9430931644 | L28: =VALUE(K28) -> 9430931644 | M28: SURESH@company.com | N28: =TRIM(LOWER(M28)) -> suresh@company.com | O28: 17678 | P28: =IF(O28<20000,"Below 20K", IF(O28<=40000,"20K-40K", IF(O28<=60000,"40K-60K", IF(O28<=80000,"60K-80K", "Above 80K")))) -> Below 20K | R28: M 25 | S28: =TRIM(CLEAN(SUBSTITUTE(R28," ",""))) -> M25 | T28: On Hold | U28: =TRIM(UPPER(T28)) -> ON HOLD | V28: =DATEDIF(H28,J28,"D") -> 1341 | W28: =DATEDIF(H28,J28,"M") -> 44 | X28: =DATEDIF(H28,J28,"Y") -> 3 | AA28: =IF(AND(O28>80000,X28<2),"CHECK","OK") -> OK
A29: emp28 | B29: =TRIM(UPPER(A29)) -> EMP28 | C29: vikas | D29: =PROPER(TRIM(C29)) -> Vikas | E29: Sales | F29: =TRIM(UPPER(E29)) -> SALES | G29: 2021/05/14 | H29: =DATEVALUE(G29) -> 44330 | J29: =IF(I29="",TODAY(),DATEVALUE(I29)) -> 46024 | K29: 9695781322 | L29: =VALUE(K29) -> 9695781322 | M29: ankit@company.com | N29: =TRIM(LOWER(M29)) -> ankit@company.com | O29: 52795 | P29: =IF(O29<20000,"Below 20K", IF(O29<=40000,"20K-40K", IF(O29<=60000,"40K-60K", IF(O29<=80000,"60K-80K", "Above 80K")))) -> 40K-60K | R29: M23 | S29: =TRIM(CLEAN(SUBSTITUTE(R29," ",""))) -> M23 | T29: Active | U29: =TRIM(UPPER(T29)) -> ACTIVE | V29: =DATEDIF(H29,J29,"D") -> 1694 | W29: =DATEDIF(H29,J29,"M") -> 55 | X29: =DATEDIF(H29,J29,"Y") -> 4 | AA29: =IF(AND(O29>80000,X29<2),"CHECK","OK") -> OK
A30: EMP29 | B30: =TRIM(UPPER(A30)) -> EMP29 | C30: vikas | D30: =PROPER(TRIM(C30)) -> Vikas | E30: finance | F30: =TRIM(UPPER(E30)) -> FINANCE | G30: 2021/06/05 | H30: =DATEVALUE(G30) -> 44352 | I30: 2025/01/01 | J30: =IF(I30="",TODAY(),DATEVALUE(I30)) -> 45658 | K30: 9119025269 | L30: =VALUE(K30) -> 9119025269 | M30: SURESH@company.com | N30: =TRIM(LOWER(M30)) -> suresh@company.com | O30: 16285 | P30: =IF(O30<20000,"Below 20K", IF(O30<=40000,"20K-40K", IF(O30<=60000,"40K-60K", IF(O30<=80000,"60K-80K", "Above 80K")))) -> Below 20K | R30: M19 | S30: =TRIM(CLEAN(SUBSTITUTE(R30," ",""))) -> M19 | T30: On Hold | U30: =TRIM(UPPER(T30)) -> ON HOLD | V30: =DATEDIF(H30,J30,"D") -> 1306 | W30: =DATEDIF(H30,J30,"M") -> 42 | X30: =DATEDIF(H30,J30,"Y") -> 3 | AA30: =IF(AND(O30>80000,X30<2),"CHECK","OK") -> OK
A31: EMP30 | B31: =TRIM(UPPER(A31)) -> EMP30 | C31: RAHUL | D31: =PROPER(TRIM(C31)) -> Rahul | E31: finance | F31: =TRIM(UPPER(E31)) -> FINANCE | G31: 26-01-2019 | H31: =DATEVALUE(G31) -> 43491 | I31: 10-02-2022 | J31: =IF(I31="",TODAY(),DATEVALUE(I31)) -> 44602 | K31: 9903352588 | L31: =VALUE(K31) -> 9903352588 | M31: KIRAN@company.com | N31: =TRIM(LOWER(M31)) -> kiran@company.com | O31: 16098 | P31: =IF(O31<20000,"Below 20K", IF(O31<=40000,"20K-40K", IF(O31<=60000,"40K-60K", IF(O31<=80000,"60K-80K", "Above 80K")))) -> Below 20K | R31: M14 | S31: =TRIM(CLEAN(SUBSTITUTE(R31," ",""))) -> M14 | T31: active | U31: =TRIM(UPPER(T31)) -> ACTIVE | V31: =DATEDIF(H31,J31,"D") -> 1111 | W31: =DATEDIF(H31,J31,"M") -> 36 | X31: =DATEDIF(H31,J31,"Y") -> 3 | AA31: =IF(AND(O31>80000,X31<2),"CHECK","OK") -> OK
A32: EMP31 | B32: =TRIM(UPPER(A32)) -> EMP31 | C32: SURESH | D32: =PROPER(TRIM(C32)) -> Suresh | E32: sales | F32: =TRIM(UPPER(E32)) -> SALES | G32: 2023/09/06 | H32: =DATEVALUE(G32) -> 45175 | I32: 2027/07/07 | J32: =IF(I32="",TODAY(),DATEVALUE(I32)) -> 46575 | K32: 9728495167 | L32: =VALUE(K32) -> 9728495167 | M32: vikas@company.com | N32: =TRIM(LOWER(M32)) -> vikas@company.com | O32: 31220 | P32: =IF(O32<20000,"Below 20K", IF(O32<=40000,"20K-40K", IF(O32<=60000,"40K-60K", IF(O32<=80000,"60K-80K", "Above 80K")))) -> 20K-40K | R32: M14 | S32: =TRIM(CLEAN(SUBSTITUTE(R32," ",""))) -> M14 | T32: RESIGNED | U32: =TRIM(UPPER(T32)) -> RESIGNED | V32: =DATEDIF(H32,J32,"D") -> 1400 | W32: =DATEDIF(H32,J32,"M") -> 46 | X32: =DATEDIF(H32,J32,"Y") -> 3 | AA32: =IF(AND(O32>80000,X32<2),"CHECK","OK") -> OK
A33: emp32 | B33: =TRIM(UPPER(A33)) -> EMP32 | C33: vikas | D33: =PROPER(TRIM(C33)) -> Vikas | E33: sales | F33: =TRIM(UPPER(E33)) -> SALES | G33: 2023/11/02 | H33: =DATEVALUE(G33) -> 45232 | I33: 2026/10/28 | J33: =IF(I33="",TODAY(),DATEVALUE(I33)) -> 46323 | K33: 9693492287 | L33: =VALUE(K33) -> 9693492287 | M33: SURESH@gmail.com | N33: =TRIM(LOWER(M33)) -> suresh@gmail.com | O33: 58293 | P33: =IF(O33<20000,"Below 20K", IF(O33<=40000,"20K-40K", IF(O33<=60000,"40K-60K", IF(O33<=80000,"60K-80K", "Above 80K")))) -> 40K-60K | R33: M6 | S33: =TRIM(CLEAN(SUBSTITUTE(R33," ",""))) -> M6 | T33: Active | U33: =TRIM(UPPER(T33)) -> ACTIVE | V33: =DATEDIF(H33,J33,"D") -> 1091 | W33: =DATEDIF(H33,J33,"M") -> 35 | X33: =DATEDIF(H33,J33,"Y") -> 2 | AA33: =IF(AND(O33>80000,X33<2),"CHECK","OK") -> OK
A34: EMP33 | B34: =TRIM(UPPER(A34)) -> EMP33 | C34: neha | D34: =PROPER(TRIM(C34)) -> Neha | E34: IT | F34: =TRIM(UPPER(E34)) -> IT | G34: 20-11-2020 | H34: =DATEVALUE(G34) -> 44155 | I34: 2022/09/25 | J34: =IF(I34="",TODAY(),DATEVALUE(I34)) -> 44829 | K34: 9314756300 | L34: =VALUE(K34) -> 9314756300 | M34: Sunita@company.com | N34: =TRIM(LOWER(M34)) -> sunita@company.com | O34: 33146 | P34: =IF(O34<20000,"Below 20K", IF(O34<=40000,"20K-40K", IF(O34<=60000,"40K-60K", IF(O34<=80000,"60K-80K", "Above 80K")))) -> 20K-40K | R34: M23 | S34: =TRIM(CLEAN(SUBSTITUTE(R34," ",""))) -> M23 | T34: active | U34: =TRIM(UPPER(T34)) -> ACTIVE | V34: =DATEDIF(H34,J34,"D") -> 674 | W34: =DATEDIF(H34,J34,"M") -> 22 | X34: =DATEDIF(H34,J34,"Y") -> 1 | AA34: =IF(AND(O34>80000,X34<2),"CHECK","OK") -> OK
A35: EMP34 | B35: =TRIM(UPPER(A35)) -> EMP34 | C35: KIRAN | D35: =PROPER(TRIM(C35)) -> Kiran | E35: IT | F35: =TRIM(UPPER(E35)) -> IT | G35: 2023/04/23 | H35: =DATEVALUE(G35) -> 45039 | I35: 2025/09/06 | J35: =IF(I35="",TODAY(),DATEVALUE(I35)) -> 45906 | K35: 9590240821 | L35: =VALUE(K35) -> 9590240821 | M35: Amit@company.com | N35: =TRIM(LOWER(M35)) -> amit@company.com | O35: 59375 | P35: =IF(O35<20000,"Below 20K", IF(O35<=40000,"20K-40K", IF(O35<=60000,"40K-60K", IF(O35<=80000,"60K-80K", "Above 80K")))) -> 40K-60K | R35: M12 | S35: =TRIM(CLEAN(SUBSTITUTE(R35," ",""))) -> M12 | T35: Active | U35: =TRIM(UPPER(T35)) -> ACTIVE | V35: =DATEDIF(H35,J35,"D") -> 867 | W35: =DATEDIF(H35,J35,"M") -> 28 | X35: =DATEDIF(H35,J35,"Y") -> 2 | AA35: =IF(AND(O35>80000,X35<2),"CHECK","OK") -> OK
A36: EMP35 | B36: =TRIM(UPPER(A36)) -> EMP35 | C36: Pooja | D36: =PROPER(TRIM(C36)) -> Pooja | E36: sales | F36: =TRIM(UPPER(E36)) -> SALES | G36: 2023/04/03 | H36: =DATEVALUE(G36) -> 45019 | J36: =IF(I36="",TODAY(),DATEVALUE(I36)) -> 46024 | K36: 9113594175 | L36: =VALUE(K36) -> 9113594175 | M36: RAHUL@company.com | N36: =TRIM(LOWER(M36)) -> rahul@company.com | O36: 89758 | P36: =IF(O36<20000,"Below 20K", IF(O36<=40000,"20K-40K", IF(O36<=60000,"40K-60K", IF(O36<=80000,"60K-80K", "Above 80K")))) -> Above 80K | R36: M7 | S36: =TRIM(CLEAN(SUBSTITUTE(R36," ",""))) -> M7 | T36: On Hold | U36: =TRIM(UPPER(T36)) -> ON HOLD | V36: =DATEDIF(H36,J36,"D") -> 1005 | W36: =DATEDIF(H36,J36,"M") -> 32 | X36: =DATEDIF(H36,J36,"Y") -> 2 | AA36: =IF(AND(O36>80000,X36<2),"CHECK","OK") -> OK
A37: emp36 | B37: =TRIM(UPPER(A37)) -> EMP36 | C37: RAHUL | D37: =PROPER(TRIM(C37)) -> Rahul | E37: Finance | F37: =TRIM(UPPER(E37)) -> FINANCE | G37: 09-12-2020 | H37: =DATEVALUE(G37) -> 44174 | I37: 2023/05/07 | J37: =IF(I37="",TODAY(),DATEVALUE(I37)) -> 45053 | K37: 9272201115 | L37: =VALUE(K37) -> 9272201115 | M37: ravi@company.com | N37: =TRIM(LOWER(M37)) -> ravi@company.com | O37: 26049 | P37: =IF(O37<20000,"Below 20K", IF(O37<=40000,"20K-40K", IF(O37<=60000,"40K-60K", IF(O37<=80000,"60K-80K", "Above 80K")))) -> 20K-40K | R37: M 16 | S37: =TRIM(CLEAN(SUBSTITUTE(R37," ",""))) -> M16 | T37: resigned | U37: =TRIM(UPPER(T37)) -> RESIGNED | V37: =DATEDIF(H37,J37,"D") -> 879 | W37: =DATEDIF(H37,J37,"M") -> 28 | X37: =DATEDIF(H37,J37,"Y") -> 2 | AA37: =IF(AND(O37>80000,X37<2),"CHECK","OK") -> OK
A38: EMP37 | B38: =TRIM(UPPER(A38)) -> EMP37 | C38: ankit | D38: =PROPER(TRIM(C38)) -> Ankit | E38: HR | F38: =TRIM(UPPER(E38)) -> HR | G38: 2019/07/06 | H38: =DATEVALUE(G38) -> 43652 | I38: 2021/03/21 | J38: =IF(I38="",TODAY(),DATEVALUE(I38)) -> 44276 | K38: 9390036297 | L38: =VALUE(K38) -> 9390036297 | M38: Amit@company.com | N38: =TRIM(LOWER(M38)) -> amit@company.com | O38: 44609 | P38: =IF(O38<20000,"Below 20K", IF(O38<=40000,"20K-40K", IF(O38<=60000,"40K-60K", IF(O38<=80000,"60K-80K", "Above 80K")))) -> 40K-60K | R38: M2 | S38: =TRIM(CLEAN(SUBSTITUTE(R38," ",""))) -> M2 | T38: On Hold | U38: =TRIM(UPPER(T38)) -> ON HOLD | V38: =DATEDIF(H38,J38,"D") -> 624 | W38: =DATEDIF(H38,J38,"M") -> 20 | X38: =DATEDIF(H38,J38,"Y") -> 1 | AA38: =IF(AND(O38>80000,X38<2),"CHECK","OK") -> OK
A39: EMP38 | B39: =TRIM(UPPER(A39)) -> EMP38 | C39: KIRAN | D39: =PROPER(TRIM(C39)) -> Kiran | E39: hr | F39: =TRIM(UPPER(E39)) -> HR | G39: 2021/02/07 | H39: =DATEVALUE(G39) -> 44234 | I39: 2021/07/26 | J39: =IF(I39="",TODAY(),DATEVALUE(I39)) -> 44403 | K39: 9608496639 | L39: =VALUE(K39) -> 9608496639 | M39: vikas@company.com | N39: =TRIM(LOWER(M39)) -> vikas@company.com | O39: 38415 | P39: =IF(O39<20000,"Below 20K", IF(O39<=40000,"20K-40K", IF(O39<=60000,"40K-60K", IF(O39<=80000,"60K-80K", "Above 80K")))) -> 20K-40K | R39: M23 | S39: =TRIM(CLEAN(SUBSTITUTE(R39," ",""))) -> M23 | T39: active | U39: =TRIM(UPPER(T39)) -> ACTIVE | V39: =DATEDIF(H39,J39,"D") -> 169 | W39: =DATEDIF(H39,J39,"M") -> 5 | X39: =DATEDIF(H39,J39,"Y") -> 0 | AA39: =IF(AND(O39>80000,X39<2),"CHECK","OK") -> OK
A40: EMP39 | B40: =TRIM(UPPER(A40)) -> EMP39 | C40: ankit | D40: =PROPER(TRIM(C40)) -> Ankit | E40: hr | F40: =TRIM(UPPER(E40)) -> HR | G40: 15-06-2020 | H40: =DATEVALUE(G40) -> 43997 | I40: 2022/07/07 | J40: =IF(I40="",TODAY(),DATEVALUE(I40)) -> 44749 | K40: 9944362729 | L40: =VALUE(K40) -> 9944362729 | M40: RAHUL@company.com | N40: =TRIM(LOWER(M40)) -> rahul@company.com | O40: 53603 | P40: =IF(O40<20000,"Below 20K", IF(O40<=40000,"20K-40K", IF(O40<=60000,"40K-60K", IF(O40<=80000,"60K-80K", "Above 80K")))) -> 40K-60K | R40: M12 | S40: =TRIM(CLEAN(SUBSTITUTE(R40," ",""))) -> M12 | T40: On Hold | U40: =TRIM(UPPER(T40)) -> ON HOLD | V40: =DATEDIF(H40,J40,"D") -> 752 | W40: =DATEDIF(H40,J40,"M") -> 24 | X40: =DATEDIF(H40,J40,"Y") -> 2 | AA40: =IF(AND(O40>80000,X40<2),"CHECK","OK") -> OK
A41: emp40 | B41: =TRIM(UPPER(A41)) -> EMP40 | C41: Sunita | D41: =PROPER(TRIM(C41)) -> Sunita | E41: finance | F41: =TRIM(UPPER(E41)) -> FINANCE | G41: 2019/05/10 | H41: =DATEVALUE(G41) -> 43595 | I41: 07-02-2020 | J41: =IF(I41="",TODAY(),DATEVALUE(I41)) -> 43868 | K41: 9366502902 | L41: =VALUE(K41) -> 9366502902 | M41: SURESH@gmail.com | N41: =TRIM(LOWER(M41)) -> suresh@gmail.com | O41: 85170 | P41: =IF(O41<20000,"Below 20K", IF(O41<=40000,"20K-40K", IF(O41<=60000,"40K-60K", IF(O41<=80000,"60K-80K", "Above 80K")))) -> Above 80K | R41: M15 | S41: =TRIM(CLEAN(SUBSTITUTE(R41," ",""))) -> M15 | T41: On Hold | U41: =TRIM(UPPER(T41)) -> ON HOLD | V41: =DATEDIF(H41,J41,"D") -> 273 | W41: =DATEDIF(H41,J41,"M") -> 8 | X41: =DATEDIF(H41,J41,"Y") -> 0 | AA41: =IF(AND(O41>80000,X41<2),"CHECK","OK") -> CHECK
A42: EMP41 | B42: =TRIM(UPPER(A42)) -> EMP41 | C42: neha | D42: =PROPER(TRIM(C42)) -> Neha | E42: IT | F42: =TRIM(UPPER(E42)) -> IT | G42: 2022/05/13 | H42: =DATEVALUE(G42) -> 44694 | I42: 2022/08/03 | J42: =IF(I42="",TODAY(),DATEVALUE(I42)) -> 44776 | K42: 9518335042 | L42: =VALUE(K42) -> 9518335042 | M42: vikas@company.com | N42: =TRIM(LOWER(M42)) -> vikas@company.com | O42: 46849 | P42: =IF(O42<20000,"Below 20K", IF(O42<=40000,"20K-40K", IF(O42<=60000,"40K-60K", IF(O42<=80000,"60K-80K", "Above 80K")))) -> 40K-60K | R42: M11 | S42: =TRIM(CLEAN(SUBSTITUTE(R42," ",""))) -> M11 | T42: resigned | U42: =TRIM(UPPER(T42)) -> RESIGNED | V42: =DATEDIF(H42,J42,"D") -> 82 | W42: =DATEDIF(H42,J42,"M") -> 2 | X42: =DATEDIF(H42,J42,"Y") -> 0 | AA42: =IF(AND(O42>80000,X42<2),"CHECK","OK") -> OK
A43: EMP42 | B43: =TRIM(UPPER(A43)) -> EMP42 | C43: neha | D43: =PROPER(TRIM(C43)) -> Neha | E43: it | F43: =TRIM(UPPER(E43)) -> IT | G43: 13-05-2020 | H43: =DATEVALUE(G43) -> 43964 | J43: =IF(I43="",TODAY(),DATEVALUE(I43)) -> 46024 | K43: 9338458698 | L43: =VALUE(K43) -> 9338458698 | M43: Amit@company.com | N43: =TRIM(LOWER(M43)) -> amit@company.com | O43: 42721 | P43: =IF(O43<20000,"Below 20K", IF(O43<=40000,"20K-40K", IF(O43<=60000,"40K-60K", IF(O43<=80000,"60K-80K", "Above 80K")))) -> 40K-60K | R43: M16 | S43: =TRIM(CLEAN(SUBSTITUTE(R43," ",""))) -> M16 | T43: On Hold | U43: =TRIM(UPPER(T43)) -> ON HOLD | V43: =DATEDIF(H43,J43,"D") -> 2060 | W43: =DATEDIF(H43,J43,"M") -> 67 | X43: =DATEDIF(H43,J43,"Y") -> 5 | AA43: =IF(AND(O43>80000,X43<2),"CHECK","OK") -> OK
A44: EMP43 | B44: =TRIM(UPPER(A44)) -> EMP43 | C44: KIRAN | D44: =PROPER(TRIM(C44)) -> Kiran | E44: Sales | F44: =TRIM(UPPER(E44)) -> SALES | G44: 2020/05/12 | H44: =DATEVALUE(G44) -> 43963 | I44: 2022/08/08 | J44: =IF(I44="",TODAY(),DATEVALUE(I44)) -> 44781 | K44: 9481702276 | L44: =VALUE(K44) -> 9481702276 | M44: Amit@company.com | N44: =TRIM(LOWER(M44)) -> amit@company.com | O44: 19172 | P44: =IF(O44<20000,"Below 20K", IF(O44<=40000,"20K-40K", IF(O44<=60000,"40K-60K", IF(O44<=80000,"60K-80K", "Above 80K")))) -> Below 20K | R44: M16 | S44: =TRIM(CLEAN(SUBSTITUTE(R44," ",""))) -> M16 | T44: resigned | U44: =TRIM(UPPER(T44)) -> RESIGNED | V44: =DATEDIF(H44,J44,"D") -> 818 | W44: =DATEDIF(H44,J44,"M") -> 26 | X44: =DATEDIF(H44,J44,"Y") -> 2 | AA44: =IF(AND(O44>80000,X44<2),"CHECK","OK") -> OK
A45: emp44 | B45: =TRIM(UPPER(A45)) -> EMP44 | C45: neha | D45: =PROPER(TRIM(C45)) -> Neha | E45: Finance | F45: =TRIM(UPPER(E45)) -> FINANCE | G45: 2019/02/13 | H45: =DATEVALUE(G45) -> 43509 | I45: 2021/03/01 | J45: =IF(I45="",TODAY(),DATEVALUE(I45)) -> 44256 | K45: 9491193009 | L45: =VALUE(K45) -> 9491193009 | M45: Pooja@company.com | N45: =TRIM(LOWER(M45)) -> pooja@company.com | O45: 16034 | P45: =IF(O45<20000,"Below 20K", IF(O45<=40000,"20K-40K", IF(O45<=60000,"40K-60K", IF(O45<=80000,"60K-80K", "Above 80K")))) -> Below 20K | R45: M9 | S45: =TRIM(CLEAN(SUBSTITUTE(R45," ",""))) -> M9 | T45: resigned | U45: =TRIM(UPPER(T45)) -> RESIGNED | V45: =DATEDIF(H45,J45,"D") -> 747 | W45: =DATEDIF(H45,J45,"M") -> 24 | X45: =DATEDIF(H45,J45,"Y") -> 2 | AA45: =IF(AND(O45>80000,X45<2),"CHECK","OK") -> OK
A46: EMP45 | B46: =TRIM(UPPER(A46)) -> EMP45 | C46: ravi | D46: =PROPER(TRIM(C46)) -> Ravi | E46: it | F46: =TRIM(UPPER(E46)) -> IT | G46: 13-03-2023 | H46: =DATEVALUE(G46) -> 44998 | I46: 10-11-2024 | J46: =IF(I46="",TODAY(),DATEVALUE(I46)) -> 45606 | K46: 9360125412 | L46: =VALUE(K46) -> 9360125412 | M46: ankit@company.com | N46: =TRIM(LOWER(M46)) -> ankit@company.com | O46: 16405 | P46: =IF(O46<20000,"Below 20K", IF(O46<=40000,"20K-40K", IF(O46<=60000,"40K-60K", IF(O46<=80000,"60K-80K", "Above 80K")))) -> Below 20K | R46: M 21 | S46: =TRIM(CLEAN(SUBSTITUTE(R46," ",""))) -> M21 | T46: resigned | U46: =TRIM(UPPER(T46)) -> RESIGNED | V46: =DATEDIF(H46,J46,"D") -> 608 | W46: =DATEDIF(H46,J46,"M") -> 19 | X46: =DATEDIF(H46,J46,"Y") -> 1 | AA46: =IF(AND(O46>80000,X46<2),"CHECK","OK") -> OK
A47: EMP46 | B47: =TRIM(UPPER(A47)) -> EMP46 | C47: KIRAN | D47: =PROPER(TRIM(C47)) -> Kiran | E47: hr | F47: =TRIM(UPPER(E47)) -> HR | G47: 2021/09/23 | H47: =DATEVALUE(G47) -> 44462 | I47: 2023/01/02 | J47: =IF(I47="",TODAY(),DATEVALUE(I47)) -> 44928 | K47: 9920106801 | L47: =VALUE(K47) -> 9920106801 | M47: KIRAN@company.com | N47: =TRIM(LOWER(M47)) -> kiran@company.com | O47: 86501 | P47: =IF(O47<20000,"Below 20K", IF(O47<=40000,"20K-40K", IF(O47<=60000,"40K-60K", IF(O47<=80000,"60K-80K", "Above 80K")))) -> Above 80K | R47: M23 | S47: =TRIM(CLEAN(SUBSTITUTE(R47," ",""))) -> M23 | T47: resigned | U47: =TRIM(UPPER(T47)) -> RESIGNED | V47: =DATEDIF(H47,J47,"D") -> 466 | W47: =DATEDIF(H47,J47,"M") -> 15 | X47: =DATEDIF(H47,J47,"Y") -> 1 | AA47: =IF(AND(O47>80000,X47<2),"CHECK","OK") -> CHECK
A48: EMP47 | B48: =TRIM(UPPER(A48)) -> EMP47 | C48: SURESH | D48: =PROPER(TRIM(C48)) -> Suresh | E48: Sales | F48: =TRIM(UPPER(E48)) -> SALES | G48: 2022/09/27 | H48: =DATEVALUE(G48) -> 44831 | I48: 2025/11/15 | J48: =IF(I48="",TODAY(),DATEVALUE(I48)) -> 45976 | K48: 9333110185 | L48: =VALUE(K48) -> 9333110185 | M48: neha@company.com | N48: =TRIM(LOWER(M48)) -> neha@company.com | O48: 72627 | P48: =IF(O48<20000,"Below 20K", IF(O48<=40000,"20K-40K", IF(O48<=60000,"40K-60K", IF(O48<=80000,"60K-80K", "Above 80K")))) -> 60K-80K | R48: M21 | S48: =TRIM(CLEAN(SUBSTITUTE(R48," ",""))) -> M21 | T48: resigned | U48: =TRIM(UPPER(T48)) -> RESIGNED | V48: =DATEDIF(H48,J48,"D") -> 1145 | W48: =DATEDIF(H48,J48,"M") -> 37 | X48: =DATEDIF(H48,J48,"Y") -> 3 | AA48: =IF(AND(O48>80000,X48<2),"CHECK","OK") -> OK
A49: emp48 | B49: =TRIM(UPPER(A49)) -> EMP48 | C49: vikas | D49: =PROPER(TRIM(C49)) -> Vikas | E49: finance | F49: =TRIM(UPPER(E49)) -> FINANCE | G49: 14-09-2023 | H49: =DATEVALUE(G49) -> 45183 | I49: 2027/04/15 | J49: =IF(I49="",TODAY(),DATEVALUE(I49)) -> 46492 | K49: 9592016666 | L49: =VALUE(K49) -> 9592016666 | M49: Sunita@gmail.com | N49: =TRIM(LOWER(M49)) -> sunita@gmail.com | O49: 22249 | P49: =IF(O49<20000,"Below 20K", IF(O49<=40000,"20K-40K", IF(O49<=60000,"40K-60K", IF(O49<=80000,"60K-80K", "Above 80K")))) -> 20K-40K | R49: M12 | S49: =TRIM(CLEAN(SUBSTITUTE(R49," ",""))) -> M12 | T49: Active | U49: =TRIM(UPPER(T49)) -> ACTIVE | V49: =DATEDIF(H49,J49,"D") -> 1309 | W49: =DATEDIF(H49,J49,"M") -> 43 | X49: =DATEDIF(H49,J49,"Y") -> 3 | AA49: =IF(AND(O49>80000,X49<2),"CHECK","OK") -> OK
A50: EMP49 | B50: =TRIM(UPPER(A50)) -> EMP49 | C50: vikas | D50: =PROPER(TRIM(C50)) -> Vikas | E50: HR | F50: =TRIM(UPPER(E50)) -> HR | G50: 2020/06/23 | H50: =DATEVALUE(G50) -> 44005 | J50: =IF(I50="",TODAY(),DATEVALUE(I50)) -> 46024 | K50: 9732789985 | L50: =VALUE(K50) -> 9732789985 | M50: Pooja@company.com | N50: =TRIM(LOWER(M50)) -> pooja@company.com | O50: 28257 | P50: =IF(O50<20000,"Below 20K", IF(O50<=40000,"20K-40K", IF(O50<=60000,"40K-60K", IF(O50<=80000,"60K-80K", "Above 80K")))) -> 20K-40K | R50: M18 | S50: =TRIM(CLEAN(SUBSTITUTE(R50," ",""))) -> M18 | T50: resigned | U50: =TRIM(UPPER(T50)) -> RESIGNED | V50: =DATEDIF(H50,J50,"D") -> 2019 | W50: =DATEDIF(H50,J50,"M") -> 66 | X50: =DATEDIF(H50,J50,"Y") -> 5 | AA50: =IF(AND(O50>80000,X50<2),"CHECK","OK") -> OK
A51: EMP50 | B51: =TRIM(UPPER(A51)) -> EMP50 | C51: vikas | D51: =PROPER(TRIM(C51)) -> Vikas | E51: Finance | F51: =TRIM(UPPER(E51)) -> FINANCE | G51: 2019/01/01 | H51: =DATEVALUE(G51) -> 43466 | I51: 17-04-2021 | J51: =IF(I51="",TODAY(),DATEVALUE(I51)) -> 44303 | K51: 9978655464 | L51: =VALUE(K51) -> 9978655464 | M51: Pooja@company.com | N51: =TRIM(LOWER(M51)) -> pooja@company.com | O51: 22344 | P51: =IF(O51<20000,"Below 20K", IF(O51<=40000,"20K-40K", IF(O51<=60000,"40K-60K", IF(O51<=80000,"60K-80K", "Above 80K")))) -> 20K-40K | R51: M13 | S51: =TRIM(CLEAN(SUBSTITUTE(R51," ",""))) -> M13 | T51: active | U51: =TRIM(UPPER(T51)) -> ACTIVE | V51: =DATEDIF(H51,J51,"D") -> 837 | W51: =DATEDIF(H51,J51,"M") -> 27 | X51: =DATEDIF(H51,J51,"Y") -> 2 | AA51: =IF(AND(O51>80000,X51<2),"CHECK","OK") -> OK
A52: EMP51 | B52: =TRIM(UPPER(A52)) -> EMP51 | C52: Amit | D52: =PROPER(TRIM(C52)) -> Amit | E52: IT | F52: =TRIM(UPPER(E52)) -> IT | G52: 11-07-2021 | H52: =DATEVALUE(G52) -> 44388 | I52: 2023/01/04 | J52: =IF(I52="",TODAY(),DATEVALUE(I52)) -> 44930 | K52: 9280073325 | L52: =VALUE(K52) -> 9280073325 | M52: RAHUL@company.com | N52: =TRIM(LOWER(M52)) -> rahul@company.com | O52: 89535 | P52: =IF(O52<20000,"Below 20K", IF(O52<=40000,"20K-40K", IF(O52<=60000,"40K-60K", IF(O52<=80000,"60K-80K", "Above 80K")))) -> Above 80K | R52: M11 | S52: =TRIM(CLEAN(SUBSTITUTE(R52," ",""))) -> M11 | T52: resigned | U52: =TRIM(UPPER(T52)) -> RESIGNED | V52: =DATEDIF(H52,J52,"D") -> 542 | W52: =DATEDIF(H52,J52,"M") -> 17 | X52: =DATEDIF(H52,J52,"Y") -> 1 | AA52: =IF(AND(O52>80000,X52<2),"CHECK","OK") -> CHECK
A53: emp52 | B53: =TRIM(UPPER(A53)) -> EMP52 | C53: Sunita | D53: =PROPER(TRIM(C53)) -> Sunita | E53: IT | F53: =TRIM(UPPER(E53)) -> IT | G53: 2021/12/18 | H53: =DATEVALUE(G53) -> 44548 | I53: 2022/06/10 | J53: =IF(I53="",TODAY(),DATEVALUE(I53)) -> 44722 | K53: 9574905802 | L53: =VALUE(K53) -> 9574905802 | M53: RAHUL@company.com | N53: =TRIM(LOWER(M53)) -> rahul@company.com | O53: 41332 | P53: =IF(O53<20000,"Below 20K", IF(O53<=40000,"20K-40K", IF(O53<=60000,"40K-60K", IF(O53<=80000,"60K-80K", "Above 80K")))) -> 40K-60K | R53: M21 | S53: =TRIM(CLEAN(SUBSTITUTE(R53," ",""))) -> M21 | T53: active | U53: =TRIM(UPPER(T53)) -> ACTIVE | V53: =DATEDIF(H53,J53,"D") -> 174 | W53: =DATEDIF(H53,J53,"M") -> 5 | X53: =DATEDIF(H53,J53,"Y") -> 0 | AA53: =IF(AND(O53>80000,X53<2),"CHECK","OK") -> OK
A54: EMP53 | B54: =TRIM(UPPER(A54)) -> EMP53 | C54: ankit | D54: =PROPER(TRIM(C54)) -> Ankit | E54: IT | F54: =TRIM(UPPER(E54)) -> IT | G54: 2021/02/14 | H54: =DATEVALUE(G54) -> 44241 | I54: 2023/12/28 | J54: =IF(I54="",TODAY(),DATEVALUE(I54)) -> 45288 | K54: 9150264705 | L54: =VALUE(K54) -> 9150264705 | M54: SURESH@company.com | N54: =TRIM(LOWER(M54)) -> suresh@company.com | O54: 51286 | P54: =IF(O54<20000,"Below 20K", IF(O54<=40000,"20K-40K", IF(O54<=60000,"40K-60K", IF(O54<=80000,"60K-80K", "Above 80K")))) -> 40K-60K | R54: M9 | S54: =TRIM(CLEAN(SUBSTITUTE(R54," ",""))) -> M9 | T54: Active | U54: =TRIM(UPPER(T54)) -> ACTIVE | V54: =DATEDIF(H54,J54,"D") -> 1047 | W54: =DATEDIF(H54,J54,"M") -> 34 | X54: =DATEDIF(H54,J54,"Y") -> 2 | AA54: =IF(AND(O54>80000,X54<2),"CHECK","OK") -> OK
A55: EMP54 | B55: =TRIM(UPPER(A55)) -> EMP54 | C55: vikas | D55: =PROPER(TRIM(C55)) -> Vikas | E55: it | F55: =TRIM(UPPER(E55)) -> IT | G55: 22-11-2021 | H55: =DATEVALUE(G55) -> 44522 | I55: 2024/01/12 | J55: =IF(I55="",TODAY(),DATEVALUE(I55)) -> 45303 | K55: 9269938449 | L55: =VALUE(K55) -> 9269938449 | M55: SURESH@company.com | N55: =TRIM(LOWER(M55)) -> suresh@company.com | O55: 88282 | P55: =IF(O55<20000,"Below 20K", IF(O55<=40000,"20K-40K", IF(O55<=60000,"40K-60K", IF(O55<=80000,"60K-80K", "Above 80K")))) -> Above 80K | R55: M 15 | S55: =TRIM(CLEAN(SUBSTITUTE(R55," ",""))) -> M15 | T55: On Hold | U55: =TRIM(UPPER(T55)) -> ON HOLD | V55: =DATEDIF(H55,J55,"D") -> 781 | W55: =DATEDIF(H55,J55,"M") -> 25 | X55: =DATEDIF(H55,J55,"Y") -> 2 | AA55: =IF(AND(O55>80000,X55<2),"CHECK","OK") -> OK
A56: EMP55 | B56: =TRIM(UPPER(A56)) -> EMP55 | C56: ravi | D56: =PROPER(TRIM(C56)) -> Ravi | E56: Sales | F56: =TRIM(UPPER(E56)) -> SALES | G56: 2022/08/05 | H56: =DATEVALUE(G56) -> 44778 | I56: 24-07-2026 | J56: =IF(I56="",TODAY(),DATEVALUE(I56)) -> 46227 | K56: 9413347053 | L56: =VALUE(K56) -> 9413347053 | M56: neha@company.com | N56: =TRIM(LOWER(M56)) -> neha@company.com | O56: 13846 | P56: =IF(O56<20000,"Below 20K", IF(O56<=40000,"20K-40K", IF(O56<=60000,"40K-60K", IF(O56<=80000,"60K-80K", "Above 80K")))) -> Below 20K | R56: M5 | S56: =TRIM(CLEAN(SUBSTITUTE(R56," ",""))) -> M5 | T56: resigned | U56: =TRIM(UPPER(T56)) -> RESIGNED | V56: =DATEDIF(H56,J56,"D") -> 1449 | W56: =DATEDIF(H56,J56,"M") -> 47 | X56: =DATEDIF(H56,J56,"Y") -> 3 | AA56: =IF(AND(O56>80000,X56<2),"CHECK","OK") -> OK
A57: emp56 | B57: =TRIM(UPPER(A57)) -> EMP56 | C57: Amit | D57: =PROPER(TRIM(C57)) -> Amit | E57: HR | F57: =TRIM(UPPER(E57)) -> HR | G57: 2023/10/04 | H57: =DATEVALUE(G57) -> 45203 | J57: =IF(I57="",TODAY(),DATEVALUE(I57)) -> 46024 | K57: 9966022829 | L57: =VALUE(K57) -> 9966022829 | M57: Amit@gmail.com | N57: =TRIM(LOWER(M57)) -> amit@gmail.com | O57: 38245 | P57: =IF(O57<20000,"Below 20K", IF(O57<=40000,"20K-40K", IF(O57<=60000,"40K-60K", IF(O57<=80000,"60K-80K", "Above 80K")))) -> 20K-40K | R57: M25 | S57: =TRIM(CLEAN(SUBSTITUTE(R57," ",""))) -> M25 | T57: Active | U57: =TRIM(UPPER(T57)) -> ACTIVE | V57: =DATEDIF(H57,J57,"D") -> 821 | W57: =DATEDIF(H57,J57,"M") -> 26 | X57: =DATEDIF(H57,J57,"Y") -> 2 | AA57: =IF(AND(O57>80000,X57<2),"CHECK","OK") -> OK
A58: EMP57 | B58: =TRIM(UPPER(A58)) -> EMP57 | C58: neha | D58: =PROPER(TRIM(C58)) -> Neha | E58: Finance | F58: =TRIM(UPPER(E58)) -> FINANCE | G58: 17-07-2019 | H58: =DATEVALUE(G58) -> 43663 | I58: 2023/07/11 | J58: =IF(I58="",TODAY(),DATEVALUE(I58)) -> 45118 | K58: 9961338719 | L58: =VALUE(K58) -> 9961338719 | M58: neha@company.com | N58: =TRIM(LOWER(M58)) -> neha@company.com | O58: 64469 | P58: =IF(O58<20000,"Below 20K", IF(O58<=40000,"20K-40K", IF(O58<=60000,"40K-60K", IF(O58<=80000,"60K-80K", "Above 80K")))) -> 60K-80K | R58: M6 | S58: =TRIM(CLEAN(SUBSTITUTE(R58," ",""))) -> M6 | T58: resigned | U58: =TRIM(UPPER(T58)) -> RESIGNED | V58: =DATEDIF(H58,J58,"D") -> 1455 | W58: =DATEDIF(H58,J58,"M") -> 47 | X58: =DATEDIF(H58,J58,"Y") -> 3 | AA58: =IF(AND(O58>80000,X58<2),"CHECK","OK") -> OK
A59: EMP58 | B59: =TRIM(UPPER(A59)) -> EMP58 | C59: SURESH | D59: =PROPER(TRIM(C59)) -> Suresh | E59: Finance | F59: =TRIM(UPPER(E59)) -> FINANCE | G59: 2020/08/29 | H59: =DATEVALUE(G59) -> 44072 | I59: 2021/11/11 | J59: =IF(I59="",TODAY(),DATEVALUE(I59)) -> 44511 | K59: 9781844002 | L59: =VALUE(K59) -> 9781844002 | M59: KIRAN@company.com | N59: =TRIM(LOWER(M59)) -> kiran@company.com | O59: 16362 | P59: =IF(O59<20000,"Below 20K", IF(O59<=40000,"20K-40K", IF(O59<=60000,"40K-60K", IF(O59<=80000,"60K-80K", "Above 80K")))) -> Below 20K | R59: M17 | S59: =TRIM(CLEAN(SUBSTITUTE(R59," ",""))) -> M17 | T59: On Hold | U59: =TRIM(UPPER(T59)) -> ON HOLD | V59: =DATEDIF(H59,J59,"D") -> 439 | W59: =DATEDIF(H59,J59,"M") -> 14 | X59: =DATEDIF(H59,J59,"Y") -> 1 | AA59: =IF(AND(O59>80000,X59<2),"CHECK","OK") -> OK
A60: EMP59 | B60: =TRIM(UPPER(A60)) -> EMP59 | C60: Sunita | D60: =PROPER(TRIM(C60)) -> Sunita | E60: hr | F60: =TRIM(UPPER(E60)) -> HR | G60: 2020/12/18 | H60: =DATEVALUE(G60) -> 44183 | I60: 2023/09/12 | J60: =IF(I60="",TODAY(),DATEVALUE(I60)) -> 45181 | K60: 9362739145 | L60: =VALUE(K60) -> 9362739145 | M60: ankit@company.com | N60: =TRIM(LOWER(M60)) -> ankit@company.com | O60: 90196 | P60: =IF(O60<20000,"Below 20K", IF(O60<=40000,"20K-40K", IF(O60<=60000,"40K-60K", IF(O60<=80000,"60K-80K", "Above 80K")))) -> Above 80K | R60: M13 | S60: =TRIM(CLEAN(SUBSTITUTE(R60," ",""))) -> M13 | T60: resigned | U60: =TRIM(UPPER(T60)) -> RESIGNED | V60: =DATEDIF(H60,J60,"D") -> 998 | W60: =DATEDIF(H60,J60,"M") -> 32 | X60: =DATEDIF(H60,J60,"Y") -> 2 | AA60: =IF(AND(O60>80000,X60<2),"CHECK","OK") -> OK
A61: emp60 | B61: =TRIM(UPPER(A61)) -> EMP60 | C61: SURESH | D61: =PROPER(TRIM(C61)) -> Suresh | E61: sales | F61: =TRIM(UPPER(E61)) -> SALES | G61: 25-11-2022 | H61: =DATEVALUE(G61) -> 44890 | I61: 17-06-2025 | J61: =IF(I61="",TODAY(),DATEVALUE(I61)) -> 45825 | K61: 9950092410 | L61: =VALUE(K61) -> 9950092410 | M61: vikas@company.com | N61: =TRIM(LOWER(M61)) -> vikas@company.com | O61: 92836 | P61: =IF(O61<20000,"Below 20K", IF(O61<=40000,"20K-40K", IF(O61<=60000,"40K-60K", IF(O61<=80000,"60K-80K", "Above 80K")))) -> Above 80K | R61: M10 | S61: =TRIM(CLEAN(SUBSTITUTE(R61," ",""))) -> M10 | T61: active | U61: =TRIM(UPPER(T61)) -> ACTIVE | V61: =DATEDIF(H61,J61,"D") -> 935 | W61: =DATEDIF(H61,J61,"M") -> 30 | X61: =DATEDIF(H61,J61,"Y") -> 2 | AA61: =IF(AND(O61>80000,X61<2),"CHECK","OK") -> OK
A62: EMP61 | B62: =TRIM(UPPER(A62)) -> EMP61 | C62: Amit | D62: =PROPER(TRIM(C62)) -> Amit | E62: IT | F62: =TRIM(UPPER(E62)) -> IT | G62: 2020/01/16 | H62: =DATEVALUE(G62) -> 43846 | I62: 2022/05/13 | J62: =IF(I62="",TODAY(),DATEVALUE(I62)) -> 44694 | K62: 9320375248 | L62: =VALUE(K62) -> 9320375248 | M62: KIRAN@company.com | N62: =TRIM(LOWER(M62)) -> kiran@company.com | O62: 61481 | P62: =IF(O62<20000,"Below 20K", IF(O62<=40000,"20K-40K", IF(O62<=60000,"40K-60K", IF(O62<=80000,"60K-80K", "Above 80K")))) -> 60K-80K | R62: M10 | S62: =TRIM(CLEAN(SUBSTITUTE(R62," ",""))) -> M10 | T62: On Hold | U62: =TRIM(UPPER(T62)) -> ON HOLD | V62: =DATEDIF(H62,J62,"D") -> 848 | W62: =DATEDIF(H62,J62,"M") -> 27 | X62: =DATEDIF(H62,J62,"Y") -> 2 | AA62: =IF(AND(O62>80000,X62<2),"CHECK","OK") -> OK
A63: EMP62 | B63: =TRIM(UPPER(A63)) -> EMP62 | C63: SURESH | D63: =PROPER(TRIM(C63)) -> Suresh | E63: it | F63: =TRIM(UPPER(E63)) -> IT | G63: 2020/09/11 | H63: =DATEVALUE(G63) -> 44085 | I63: 2022/09/23 | J63: =IF(I63="",TODAY(),DATEVALUE(I63)) -> 44827 | K63: 9968883700 | L63: =VALUE(K63) -> 9968883700 | M63: vikas@company.com | N63: =TRIM(LOWER(M63)) -> vikas@company.com | O63: 37606 | P63: =IF(O63<20000,"Below 20K", IF(O63<=40000,"20K-40K", IF(O63<=60000,"40K-60K", IF(O63<=80000,"60K-80K", "Above 80K")))) -> 20K-40K | R63: M17 | S63: =TRIM(CLEAN(SUBSTITUTE(R63," ",""))) -> M17 | T63: Active | U63: =TRIM(UPPER(T63)) -> ACTIVE | V63: =DATEDIF(H63,J63,"D") -> 742 | W63: =DATEDIF(H63,J63,"M") -> 24 | X63: =DATEDIF(H63,J63,"Y") -> 2 | AA63: =IF(AND(O63>80000,X63<2),"CHECK","OK") -> OK
A64: EMP63 | B64: =TRIM(UPPER(A64)) -> EMP63 | C64: ankit | D64: =PROPER(TRIM(C64)) -> Ankit | E64: finance | F64: =TRIM(UPPER(E64)) -> FINANCE | G64: 06-02-2019 | H64: =DATEVALUE(G64) -> 43502 | J64: =IF(I64="",TODAY(),DATEVALUE(I64)) -> 46024 | K64: 9767684374 | L64: =VALUE(K64) -> 9767684374 | M64: RAHUL@company.com | N64: =TRIM(LOWER(M64)) -> rahul@company.com | O64: 54980 | P64: =IF(O64<20000,"Below 20K", IF(O64<=40000,"20K-40K", IF(O64<=60000,"40K-60K", IF(O64<=80000,"60K-80K", "Above 80K")))) -> 40K-60K | R64: M 17 | S64: =TRIM(CLEAN(SUBSTITUTE(R64," ",""))) -> M17 | T64: Active | U64: =TRIM(UPPER(T64)) -> ACTIVE | V64: =DATEDIF(H64,J64,"D") -> 2522 | W64: =DATEDIF(H64,J64,"M") -> 82 | X64: =DATEDIF(H64,J64,"Y") -> 6 | AA64: =IF(AND(O64>80000,X64<2),"CHECK","OK") -> OK
A65: emp64 | B65: =TRIM(UPPER(A65)) -> EMP64 | C65: SURESH | D65: =PROPER(TRIM(C65)) -> Suresh | E65: HR | F65: =TRIM(UPPER(E65)) -> HR | G65: 2020/06/11 | H65: =DATEVALUE(G65) -> 43993 | I65: 2023/11/30 | J65: =IF(I65="",TODAY(),DATEVALUE(I65)) -> 45260 | K65: 9511322748 | L65: =VALUE(K65) -> 9511322748 | M65: ankit@gmail.com | N65: =TRIM(LOWER(M65)) -> ankit@gmail.com | O65: 27548 | P65: =IF(O65<20000,"Below 20K", IF(O65<=40000,"20K-40K", IF(O65<=60000,"40K-60K", IF(O65<=80000,"60K-80K", "Above 80K")))) -> 20K-40K | R65: M5 | S65: =TRIM(CLEAN(SUBSTITUTE(R65," ",""))) -> M5 | T65: Active | U65: =TRIM(UPPER(T65)) -> ACTIVE | V65: =DATEDIF(H65,J65,"D") -> 1267 | W65: =DATEDIF(H65,J65,"M") -> 41 | X65: =DATEDIF(H65,J65,"Y") -> 3 | AA65: =IF(AND(O65>80000,X65<2),"CHECK","OK") -> OK
A66: EMP65 | B66: =TRIM(UPPER(A66)) -> EMP65 | C66: neha | D66: =PROPER(TRIM(C66)) -> Neha | E66: sales | F66: =TRIM(UPPER(E66)) -> SALES | G66: 2021/03/09 | H66: =DATEVALUE(G66) -> 44264 | I66: 09-12-2021 | J66: =IF(I66="",TODAY(),DATEVALUE(I66)) -> 44539 | K66: 9638972924 | L66: =VALUE(K66) -> 9638972924 | M66: KIRAN@company.com | N66: =TRIM(LOWER(M66)) -> kiran@company.com | O66: 89149 | P66: =IF(O66<20000,"Below 20K", IF(O66<=40000,"20K-40K", IF(O66<=60000,"40K-60K", IF(O66<=80000,"60K-80K", "Above 80K")))) -> Above 80K | R66: M19 | S66: =TRIM(CLEAN(SUBSTITUTE(R66," ",""))) -> M19 | T66: RESIGNED | U66: =TRIM(UPPER(T66)) -> RESIGNED | V66: =DATEDIF(H66,J66,"D") -> 275 | W66: =DATEDIF(H66,J66,"M") -> 9 | X66: =DATEDIF(H66,J66,"Y") -> 0 | AA66: =IF(AND(O66>80000,X66<2),"CHECK","OK") -> CHECK
A67: EMP66 | B67: =TRIM(UPPER(A67)) -> EMP66 | C67: ankit | D67: =PROPER(TRIM(C67)) -> Ankit | E67: Sales | F67: =TRIM(UPPER(E67)) -> SALES | G67: 09-03-2023 | H67: =DATEVALUE(G67) -> 44994 | I67: 2023/11/24 | J67: =IF(I67="",TODAY(),DATEVALUE(I67)) -> 45254 | K67: 9922755147 | L67: =VALUE(K67) -> 9922755147 | M67: ankit@company.com | N67: =TRIM(LOWER(M67)) -> ankit@company.com | O67: 38305 | P67: =IF(O67<20000,"Below 20K", IF(O67<=40000,"20K-40K", IF(O67<=60000,"40K-60K", IF(O67<=80000,"60K-80K", "Above 80K")))) -> 20K-40K | R67: M24 | S67: =TRIM(CLEAN(SUBSTITUTE(R67," ",""))) -> M24 | T67: resigned | U67: =TRIM(UPPER(T67)) -> RESIGNED | V67: =DATEDIF(H67,J67,"D") -> 260 | W67: =DATEDIF(H67,J67,"M") -> 8 | X67: =DATEDIF(H67,J67,"Y") -> 0 | AA67: =IF(AND(O67>80000,X67<2),"CHECK","OK") -> OK
A68: EMP67 | B68: =TRIM(UPPER(A68)) -> EMP67 | C68: RAHUL | D68: =PROPER(TRIM(C68)) -> Rahul | E68: Finance | F68: =TRIM(UPPER(E68)) -> FINANCE | G68: 2019/12/30 | H68: =DATEVALUE(G68) -> 43829 | I68: 2021/03/10 | J68: =IF(I68="",TODAY(),DATEVALUE(I68)) -> 44265 | K68: 9966436606 | L68: =VALUE(K68) -> 9966436606 | M68: vikas@company.com | N68: =TRIM(LOWER(M68)) -> vikas@company.com | O68: 63103 | P68: =IF(O68<20000,"Below 20K", IF(O68<=40000,"20K-40K", IF(O68<=60000,"40K-60K", IF(O68<=80000,"60K-80K", "Above 80K")))) -> 60K-80K | R68: M9 | S68: =TRIM(CLEAN(SUBSTITUTE(R68," ",""))) -> M9 | T68: active | U68: =TRIM(UPPER(T68)) -> ACTIVE | V68: =DATEDIF(H68,J68,"D") -> 436 | W68: =DATEDIF(H68,J68,"M") -> 14 | X68: =DATEDIF(H68,J68,"Y") -> 1 | AA68: =IF(AND(O68>80000,X68<2),"CHECK","OK") -> OK
A69: emp68 | B69: =TRIM(UPPER(A69)) -> EMP68 | C69: KIRAN | D69: =PROPER(TRIM(C69)) -> Kiran | E69: sales | F69: =TRIM(UPPER(E69)) -> SALES | G69: 2019/05/29 | H69: =DATEVALUE(G69) -> 43614 | I69: 2020/03/16 | J69: =IF(I69="",TODAY(),DATEVALUE(I69)) -> 43906 | K69: 9366768887 | L69: =VALUE(K69) -> 9366768887 | M69: RAHUL@company.com | N69: =TRIM(LOWER(M69)) -> rahul@company.com | O69: 57042 | P69: =IF(O69<20000,"Below 20K", IF(O69<=40000,"20K-40K", IF(O69<=60000,"40K-60K", IF(O69<=80000,"60K-80K", "Above 80K")))) -> 40K-60K | R69: M10 | S69: =TRIM(CLEAN(SUBSTITUTE(R69," ",""))) -> M10 | T69: resigned | U69: =TRIM(UPPER(T69)) -> RESIGNED | V69: =DATEDIF(H69,J69,"D") -> 292 | W69: =DATEDIF(H69,J69,"M") -> 9 | X69: =DATEDIF(H69,J69,"Y") -> 0 | AA69: =IF(AND(O69>80000,X69<2),"CHECK","OK") -> OK
A70: EMP69 | B70: =TRIM(UPPER(A70)) -> EMP69 | C70: RAHUL | D70: =PROPER(TRIM(C70)) -> Rahul | E70: it | F70: =TRIM(UPPER(E70)) -> IT | G70: 09-11-2019 | H70: =DATEVALUE(G70) -> 43778 | I70: 2020/08/18 | J70: =IF(I70="",TODAY(),DATEVALUE(I70)) -> 44061 | K70: 9368193561 | L70: =VALUE(K70) -> 9368193561 | M70: Amit@company.com | N70: =TRIM(LOWER(M70)) -> amit@company.com | O70: 38784 | P70: =IF(O70<20000,"Below 20K", IF(O70<=40000,"20K-40K", IF(O70<=60000,"40K-60K", IF(O70<=80000,"60K-80K", "Above 80K")))) -> 20K-40K | R70: M5 | S70: =TRIM(CLEAN(SUBSTITUTE(R70," ",""))) -> M5 | T70: Active | U70: =TRIM(UPPER(T70)) -> ACTIVE | V70: =DATEDIF(H70,J70,"D") -> 283 | W70: =DATEDIF(H70,J70,"M") -> 9 | X70: =DATEDIF(H70,J70,"Y") -> 0 | AA70: =IF(AND(O70>80000,X70<2),"CHECK","OK") -> OK
A71: EMP70 | B71: =TRIM(UPPER(A71)) -> EMP70 | C71: vikas | D71: =PROPER(TRIM(C71)) -> Vikas | E71: hr | F71: =TRIM(UPPER(E71)) -> HR | G71: 2019/08/11 | H71: =DATEVALUE(G71) -> 43688 | J71: =IF(I71="",TODAY(),DATEVALUE(I71)) -> 46024 | K71: 9408037253 | L71: =VALUE(K71) -> 9408037253 | M71: vikas@company.com | N71: =TRIM(LOWER(M71)) -> vikas@company.com | O71: 77477 | P71: =IF(O71<20000,"Below 20K", IF(O71<=40000,"20K-40K", IF(O71<=60000,"40K-60K", IF(O71<=80000,"60K-80K", "Above 80K")))) -> 60K-80K | R71: M3 | S71: =TRIM(CLEAN(SUBSTITUTE(R71," ",""))) -> M3 | T71: On Hold | U71: =TRIM(UPPER(T71)) -> ON HOLD | V71: =DATEDIF(H71,J71,"D") -> 2336 | W71: =DATEDIF(H71,J71,"M") -> 76 | X71: =DATEDIF(H71,J71,"Y") -> 6 | AA71: =IF(AND(O71>80000,X71<2),"CHECK","OK") -> OK
A72: EMP71 | B72: =TRIM(UPPER(A72)) -> EMP71 | C72: RAHUL | D72: =PROPER(TRIM(C72)) -> Rahul | E72: IT | F72: =TRIM(UPPER(E72)) -> IT | G72: 2020/05/24 | H72: =DATEVALUE(G72) -> 43975 | I72: 2021/11/10 | J72: =IF(I72="",TODAY(),DATEVALUE(I72)) -> 44510 | K72: 9484698271 | L72: =VALUE(K72) -> 9484698271 | M72: Amit@company.com | N72: =TRIM(LOWER(M72)) -> amit@company.com | O72: 23228 | P72: =IF(O72<20000,"Below 20K", IF(O72<=40000,"20K-40K", IF(O72<=60000,"40K-60K", IF(O72<=80000,"60K-80K", "Above 80K")))) -> 20K-40K | R72: M15 | S72: =TRIM(CLEAN(SUBSTITUTE(R72," ",""))) -> M15 | T72: On Hold | U72: =TRIM(UPPER(T72)) -> ON HOLD | V72: =DATEDIF(H72,J72,"D") -> 535 | W72: =DATEDIF(H72,J72,"M") -> 17 | X72: =DATEDIF(H72,J72,"Y") -> 1 | AA72: =IF(AND(O72>80000,X72<2),"CHECK","OK") -> OK
A73: emp72 | B73: =TRIM(UPPER(A73)) -> EMP72 | C73: neha | D73: =PROPER(TRIM(C73)) -> Neha | E73: Finance | F73: =TRIM(UPPER(E73)) -> FINANCE | G73: 08-02-2021 | H73: =DATEVALUE(G73) -> 44235 | I73: 2022/11/13 | J73: =IF(I73="",TODAY(),DATEVALUE(I73)) -> 44878 | K73: 9754833914 | L73: =VALUE(K73) -> 9754833914 | M73: ravi@gmail.com | N73: =TRIM(LOWER(M73)) -> ravi@gmail.com | O73: 35433 | P73: =IF(O73<20000,"Below 20K", IF(O73<=40000,"20K-40K", IF(O73<=60000,"40K-60K", IF(O73<=80000,"60K-80K", "Above 80K")))) -> 20K-40K | R73: M 9 | S73: =TRIM(CLEAN(SUBSTITUTE(R73," ",""))) -> M9 | T73: On Hold | U73: =TRIM(UPPER(T73)) -> ON HOLD | V73: =DATEDIF(H73,J73,"D") -> 643 | W73: =DATEDIF(H73,J73,"M") -> 21 | X73: =DATEDIF(H73,J73,"Y") -> 1 | AA73: =IF(AND(O73>80000,X73<2),"CHECK","OK") -> OK
A74: EMP73 | B74: =TRIM(UPPER(A74)) -> EMP73 | C74: RAHUL | D74: =PROPER(TRIM(C74)) -> Rahul | E74: finance | F74: =TRIM(UPPER(E74)) -> FINANCE | G74: 2022/06/12 | H74: =DATEVALUE(G74) -> 44724 | I74: 2025/12/22 | J74: =IF(I74="",TODAY(),DATEVALUE(I74)) -> 46013 | K74: 9293334445 | L74: =VALUE(K74) -> 9293334445 | M74: Pooja@company.com | N74: =TRIM(LOWER(M74)) -> pooja@company.com | O74: 64573 | P74: =IF(O74<20000,"Below 20K", IF(O74<=40000,"20K-40K", IF(O74<=60000,"40K-60K", IF(O74<=80000,"60K-80K", "Above 80K")))) -> 60K-80K | R74: M7 | S74: =TRIM(CLEAN(SUBSTITUTE(R74," ",""))) -> M7 | T74: On Hold | U74: =TRIM(UPPER(T74)) -> ON HOLD | V74: =DATEDIF(H74,J74,"D") -> 1289 | W74: =DATEDIF(H74,J74,"M") -> 42 | X74: =DATEDIF(H74,J74,"Y") -> 3 | AA74: =IF(AND(O74>80000,X74<2),"CHECK","OK") -> OK
A75: EMP74 | B75: =TRIM(UPPER(A75)) -> EMP74 | C75: SURESH | D75: =PROPER(TRIM(C75)) -> Suresh | E75: finance | F75: =TRIM(UPPER(E75)) -> FINANCE | G75: 2022/03/16 | H75: =DATEVALUE(G75) -> 44636 | I75: 2022/10/06 | J75: =IF(I75="",TODAY(),DATEVALUE(I75)) -> 44840 | K75: 9862042848 | L75: =VALUE(K75) -> 9862042848 | M75: neha@company.com | N75: =TRIM(LOWER(M75)) -> neha@company.com | O75: 72994 | P75: =IF(O75<20000,"Below 20K", IF(O75<=40000,"20K-40K", IF(O75<=60000,"40K-60K", IF(O75<=80000,"60K-80K", "Above 80K")))) -> 60K-80K | R75: M23 | S75: =TRIM(CLEAN(SUBSTITUTE(R75," ",""))) -> M23 | T75: On Hold | U75: =TRIM(UPPER(T75)) -> ON HOLD | V75: =DATEDIF(H75,J75,"D") -> 204 | W75: =DATEDIF(H75,J75,"M") -> 6 | X75: =DATEDIF(H75,J75,"Y") -> 0 | AA75: =IF(AND(O75>80000,X75<2),"CHECK","OK") -> OK
A76: EMP75 | B76: =TRIM(UPPER(A76)) -> EMP75 | C76: Amit | D76: =PROPER(TRIM(C76)) -> Amit | E76: finance | F76: =TRIM(UPPER(E76)) -> FINANCE | G76: 01-09-2019 | H76: =DATEVALUE(G76) -> 43709 | I76: 28-01-2023 | J76: =IF(I76="",TODAY(),DATEVALUE(I76)) -> 44954 | K76: 9454509940 | L76: =VALUE(K76) -> 9454509940 | M76: Pooja@company.com | N76: =TRIM(LOWER(M76)) -> pooja@company.com | O76: 19989 | P76: =IF(O76<20000,"Below 20K", IF(O76<=40000,"20K-40K", IF(O76<=60000,"40K-60K", IF(O76<=80000,"60K-80K", "Above 80K")))) -> Below 20K | R76: M4 | S76: =TRIM(CLEAN(SUBSTITUTE(R76," ",""))) -> M4 | T76: On Hold | U76: =TRIM(UPPER(T76)) -> ON HOLD | V76: =DATEDIF(H76,J76,"D") -> 1245 | W76: =DATEDIF(H76,J76,"M") -> 40 | X76: =DATEDIF(H76,J76,"Y") -> 3 | AA76: =IF(AND(O76>80000,X76<2),"CHECK","OK") -> OK
A77: emp76 | B77: =TRIM(UPPER(A77)) -> EMP76 | C77: RAHUL | D77: =PROPER(TRIM(C77)) -> Rahul | E77: Finance | F77: =TRIM(UPPER(E77)) -> FINANCE | G77: 2023/05/19 | H77: =DATEVALUE(G77) -> 45065 | I77: 2027/02/14 | J77: =IF(I77="",TODAY(),DATEVALUE(I77)) -> 46432 | K77: 9766738410 | L77: =VALUE(K77) -> 9766738410 | M77: vikas@company.com | N77: =TRIM(LOWER(M77)) -> vikas@company.com | O77: 59260 | P77: =IF(O77<20000,"Below 20K", IF(O77<=40000,"20K-40K", IF(O77<=60000,"40K-60K", IF(O77<=80000,"60K-80K", "Above 80K")))) -> 40K-60K | R77: M14 | S77: =TRIM(CLEAN(SUBSTITUTE(R77," ",""))) -> M14 | T77: On Hold | U77: =TRIM(UPPER(T77)) -> ON HOLD | V77: =DATEDIF(H77,J77,"D") -> 1367 | W77: =DATEDIF(H77,J77,"M") -> 44 | X77: =DATEDIF(H77,J77,"Y") -> 3 | AA77: =IF(AND(O77>80000,X77<2),"CHECK","OK") -> OK
A78: EMP77 | B78: =TRIM(UPPER(A78)) -> EMP77 | C78: Sunita | D78: =PROPER(TRIM(C78)) -> Sunita | E78: finance | F78: =TRIM(UPPER(E78)) -> FINANCE | G78: 2020/05/01 | H78: =DATEVALUE(G78) -> 43952 | J78: =IF(I78="",TODAY(),DATEVALUE(I78)) -> 46024 | K78: 9561559536 | L78: =VALUE(K78) -> 9561559536 | M78: SURESH@company.com | N78: =TRIM(LOWER(M78)) -> suresh@company.com | O78: 64403 | P78: =IF(O78<20000,"Below 20K", IF(O78<=40000,"20K-40K", IF(O78<=60000,"40K-60K", IF(O78<=80000,"60K-80K", "Above 80K")))) -> 60K-80K | R78: M13 | S78: =TRIM(CLEAN(SUBSTITUTE(R78," ",""))) -> M13 | T78: RESIGNED | U78: =TRIM(UPPER(T78)) -> RESIGNED | V78: =DATEDIF(H78,J78,"D") -> 2072 | W78: =DATEDIF(H78,J78,"M") -> 68 | X78: =DATEDIF(H78,J78,"Y") -> 5 | AA78: =IF(AND(O78>80000,X78<2),"CHECK","OK") -> OK
A79: EMP78 | B79: =TRIM(UPPER(A79)) -> EMP78 | C79: Pooja | D79: =PROPER(TRIM(C79)) -> Pooja | E79: Sales | F79: =TRIM(UPPER(E79)) -> SALES | G79: 02-10-2022 | H79: =DATEVALUE(G79) -> 44836 | I79: 2025/12/17 | J79: =IF(I79="",TODAY(),DATEVALUE(I79)) -> 46008 | K79: 9806937171 | L79: =VALUE(K79) -> 9806937171 | M79: KIRAN@company.com | N79: =TRIM(LOWER(M79)) -> kiran@company.com | O79: 72733 | P79: =IF(O79<20000,"Below 20K", IF(O79<=40000,"20K-40K", IF(O79<=60000,"40K-60K", IF(O79<=80000,"60K-80K", "Above 80K")))) -> 60K-80K | R79: M12 | S79: =TRIM(CLEAN(SUBSTITUTE(R79," ",""))) -> M12 | T79: RESIGNED | U79: =TRIM(UPPER(T79)) -> RESIGNED | V79: =DATEDIF(H79,J79,"D") -> 1172 | W79: =DATEDIF(H79,J79,"M") -> 38 | X79: =DATEDIF(H79,J79,"Y") -> 3 | AA79: =IF(AND(O79>80000,X79<2),"CHECK","OK") -> OK
A80: EMP79 | B80: =TRIM(UPPER(A80)) -> EMP79 | C80: vikas | D80: =PROPER(TRIM(C80)) -> Vikas | E80: sales | F80: =TRIM(UPPER(E80)) -> SALES | G80: 2020/03/28 | H80: =DATEVALUE(G80) -> 43918 | I80: 2023/05/28 | J80: =IF(I80="",TODAY(),DATEVALUE(I80)) -> 45074 | K80: 9270457353 | L80: =VALUE(K80) -> 9270457353 | M80: Sunita@company.com | N80: =TRIM(LOWER(M80)) -> sunita@company.com | O80: 29983 | P80: =IF(O80<20000,"Below 20K", IF(O80<=40000,"20K-40K", IF(O80<=60000,"40K-60K", IF(O80<=80000,"60K-80K", "Above 80K")))) -> 20K-40K | R80: M17 | S80: =TRIM(CLEAN(SUBSTITUTE(R80," ",""))) -> M17 | T80: resigned | U80: =TRIM(UPPER(T80)) -> RESIGNED | V80: =DATEDIF(H80,J80,"D") -> 1156 | W80: =DATEDIF(H80,J80,"M") -> 38 | X80: =DATEDIF(H80,J80,"Y") -> 3 | AA80: =IF(AND(O80>80000,X80<2),"CHECK","OK") -> OK
A81: emp80 | B81: =TRIM(UPPER(A81)) -> EMP80 | C81: vikas | D81: =PROPER(TRIM(C81)) -> Vikas | E81: IT | F81: =TRIM(UPPER(E81)) -> IT | G81: 2019/04/19 | H81: =DATEVALUE(G81) -> 43574 | I81: 31-12-2019 | J81: =IF(I81="",TODAY(),DATEVALUE(I81)) -> 43830 | K81: 9789838250 | L81: =VALUE(K81) -> 9789838250 | M81: SURESH@gmail.com | N81: =TRIM(LOWER(M81)) -> suresh@gmail.com | O81: 81849 | P81: =IF(O81<20000,"Below 20K", IF(O81<=40000,"20K-40K", IF(O81<=60000,"40K-60K", IF(O81<=80000,"60K-80K", "Above 80K")))) -> Above 80K | R81: M6 | S81: =TRIM(CLEAN(SUBSTITUTE(R81," ",""))) -> M6 | T81: Active | U81: =TRIM(UPPER(T81)) -> ACTIVE | V81: =DATEDIF(H81,J81,"D") -> 256 | W81: =DATEDIF(H81,J81,"M") -> 8 | X81: =DATEDIF(H81,J81,"Y") -> 0 | AA81: =IF(AND(O81>80000,X81<2),"CHECK","OK") -> CHECK
A82: EMP81 | B82: =TRIM(UPPER(A82)) -> EMP81 | C82: neha | D82: =PROPER(TRIM(C82)) -> Neha | E82: sales | F82: =TRIM(UPPER(E82)) -> SALES | G82: 28-09-2020 | H82: =DATEVALUE(G82) -> 44102 | I82: 2024/04/13 | J82: =IF(I82="",TODAY(),DATEVALUE(I82)) -> 45395 | K82: 9397764802 | L82: =VALUE(K82) -> 9397764802 | M82: vikas@company.com | N82: =TRIM(LOWER(M82)) -> vikas@company.com | O82: 47935 | P82: =IF(O82<20000,"Below 20K", IF(O82<=40000,"20K-40K", IF(O82<=60000,"40K-60K", IF(O82<=80000,"60K-80K", "Above 80K")))) -> 40K-60K | R82: M 20 | S82: =TRIM(CLEAN(SUBSTITUTE(R82," ",""))) -> M20 | T82: RESIGNED | U82: =TRIM(UPPER(T82)) -> RESIGNED | V82: =DATEDIF(H82,J82,"D") -> 1293 | W82: =DATEDIF(H82,J82,"M") -> 42 | X82: =DATEDIF(H82,J82,"Y") -> 3 | AA82: =IF(AND(O82>80000,X82<2),"CHECK","OK") -> OK
A83: EMP82 | B83: =TRIM(UPPER(A83)) -> EMP82 | C83: KIRAN | D83: =PROPER(TRIM(C83)) -> Kiran | E83: finance | F83: =TRIM(UPPER(E83)) -> FINANCE | G83: 2020/12/02 | H83: =DATEVALUE(G83) -> 44167 | I83: 2021/02/23 | J83: =IF(I83="",TODAY(),DATEVALUE(I83)) -> 44250 | K83: 9751647835 | L83: =VALUE(K83) -> 9751647835 | M83: Pooja@company.com | N83: =TRIM(LOWER(M83)) -> pooja@company.com | O83: 75178 | P83: =IF(O83<20000,"Below 20K", IF(O83<=40000,"20K-40K", IF(O83<=60000,"40K-60K", IF(O83<=80000,"60K-80K", "Above 80K")))) -> 60K-80K | R83: M6 | S83: =TRIM(CLEAN(SUBSTITUTE(R83," ",""))) -> M6 | T83: RESIGNED | U83: =TRIM(UPPER(T83)) -> RESIGNED | V83: =DATEDIF(H83,J83,"D") -> 83 | W83: =DATEDIF(H83,J83,"M") -> 2 | X83: =DATEDIF(H83,J83,"Y") -> 0 | AA83: =IF(AND(O83>80000,X83<2),"CHECK","OK") -> OK
A84: EMP83 | B84: =TRIM(UPPER(A84)) -> EMP83 | C84: Pooja | D84: =PROPER(TRIM(C84)) -> Pooja | E84: sales | F84: =TRIM(UPPER(E84)) -> SALES | G84: 2021/07/25 | H84: =DATEVALUE(G84) -> 44402 | I84: 2023/09/14 | J84: =IF(I84="",TODAY(),DATEVALUE(I84)) -> 45183 | K84: 9147068857 | L84: =VALUE(K84) -> 9147068857 | M84: neha@company.com | N84: =TRIM(LOWER(M84)) -> neha@company.com | O84: 15609 | P84: =IF(O84<20000,"Below 20K", IF(O84<=40000,"20K-40K", IF(O84<=60000,"40K-60K", IF(O84<=80000,"60K-80K", "Above 80K")))) -> Below 20K | R84: M11 | S84: =TRIM(CLEAN(SUBSTITUTE(R84," ",""))) -> M11 | T84: resigned | U84: =TRIM(UPPER(T84)) -> RESIGNED | V84: =DATEDIF(H84,J84,"D") -> 781 | W84: =DATEDIF(H84,J84,"M") -> 25 | X84: =DATEDIF(H84,J84,"Y") -> 2 | AA84: =IF(AND(O84>80000,X84<2),"CHECK","OK") -> OK
A85: emp84 | B85: =TRIM(UPPER(A85)) -> EMP84 | C85: SURESH | D85: =PROPER(TRIM(C85)) -> Suresh | E85: hr | F85: =TRIM(UPPER(E85)) -> HR | G85: 11-11-2020 | H85: =DATEVALUE(G85) -> 44146 | J85: =IF(I85="",TODAY(),DATEVALUE(I85)) -> 46024 | K85: 9829974201 | L85: =VALUE(K85) -> 9829974201 | M85: Pooja@company.com | N85: =TRIM(LOWER(M85)) -> pooja@company.com | O85: 71565 | P85: =IF(O85<20000,"Below 20K", IF(O85<=40000,"20K-40K", IF(O85<=60000,"40K-60K", IF(O85<=80000,"60K-80K", "Above 80K")))) -> 60K-80K | R85: M6 | S85: =TRIM(CLEAN(SUBSTITUTE(R85," ",""))) -> M6 | T85: On Hold | U85: =TRIM(UPPER(T85)) -> ON HOLD | V85: =DATEDIF(H85,J85,"D") -> 1878 | W85: =DATEDIF(H85,J85,"M") -> 61 | X85: =DATEDIF(H85,J85,"Y") -> 5 | AA85: =IF(AND(O85>80000,X85<2),"CHECK","OK") -> OK
A86: EMP85 | B86: =TRIM(UPPER(A86)) -> EMP85 | C86: RAHUL | D86: =PROPER(TRIM(C86)) -> Rahul | E86: Sales | F86: =TRIM(UPPER(E86)) -> SALES | G86: 2021/03/04 | H86: =DATEVALUE(G86) -> 44259 | I86: 07-01-2023 | J86: =IF(I86="",TODAY(),DATEVALUE(I86)) -> 44933 | K86: 9425753674 | L86: =VALUE(K86) -> 9425753674 | M86: Pooja@company.com | N86: =TRIM(LOWER(M86)) -> pooja@company.com | O86: 22625 | P86: =IF(O86<20000,"Below 20K", IF(O86<=40000,"20K-40K", IF(O86<=60000,"40K-60K", IF(O86<=80000,"60K-80K", "Above 80K")))) -> 20K-40K | R86: M10 | S86: =TRIM(CLEAN(SUBSTITUTE(R86," ",""))) -> M10 | T86: On Hold | U86: =TRIM(UPPER(T86)) -> ON HOLD | V86: =DATEDIF(H86,J86,"D") -> 674 | W86: =DATEDIF(H86,J86,"M") -> 22 | X86: =DATEDIF(H86,J86,"Y") -> 1 | AA86: =IF(AND(O86>80000,X86<2),"CHECK","OK") -> OK
A87: EMP86 | B87: =TRIM(UPPER(A87)) -> EMP86 | C87: vikas | D87: =PROPER(TRIM(C87)) -> Vikas | E87: Sales | F87: =TRIM(UPPER(E87)) -> SALES | G87: 2019/12/10 | H87: =DATEVALUE(G87) -> 43809 | I87: 2022/10/24 | J87: =IF(I87="",TODAY(),DATEVALUE(I87)) -> 44858 | K87: 9924938265 | L87: =VALUE(K87) -> 9924938265 | M87: RAHUL@company.com | N87: =TRIM(LOWER(M87)) -> rahul@company.com | O87: 37539 | P87: =IF(O87<20000,"Below 20K", IF(O87<=40000,"20K-40K", IF(O87<=60000,"40K-60K", IF(O87<=80000,"60K-80K", "Above 80K")))) -> 20K-40K | R87: M19 | S87: =TRIM(CLEAN(SUBSTITUTE(R87," ",""))) -> M19 | T87: resigned | U87: =TRIM(UPPER(T87)) -> RESIGNED | V87: =DATEDIF(H87,J87,"D") -> 1049 | W87: =DATEDIF(H87,J87,"M") -> 34 | X87: =DATEDIF(H87,J87,"Y") -> 2 | AA87: =IF(AND(O87>80000,X87<2),"CHECK","OK") -> OK
A88: EMP87 | B88: =TRIM(UPPER(A88)) -> EMP87 | C88: Amit | D88: =PROPER(TRIM(C88)) -> Amit | E88: finance | F88: =TRIM(UPPER(E88)) -> FINANCE | G88: 14-11-2019 | H88: =DATEVALUE(G88) -> 43783 | I88: 2023/04/03 | J88: =IF(I88="",TODAY(),DATEVALUE(I88)) -> 45019 | K88: 9839858808 | L88: =VALUE(K88) -> 9839858808 | M88: KIRAN@company.com | N88: =TRIM(LOWER(M88)) -> kiran@company.com | O88: 45434 | P88: =IF(O88<20000,"Below 20K", IF(O88<=40000,"20K-40K", IF(O88<=60000,"40K-60K", IF(O88<=80000,"60K-80K", "Above 80K")))) -> 40K-60K | R88: M8 | S88: =TRIM(CLEAN(SUBSTITUTE(R88," ",""))) -> M8 | T88: RESIGNED | U88: =TRIM(UPPER(T88)) -> RESIGNED | V88: =DATEDIF(H88,J88,"D") -> 1236 | W88: =DATEDIF(H88,J88,"M") -> 40 | X88: =DATEDIF(H88,J88,"Y") -> 3 | AA88: =IF(AND(O88>80000,X88<2),"CHECK","OK") -> OK
A89: emp88 | B89: =TRIM(UPPER(A89)) -> EMP88 | C89: Pooja | D89: =PROPER(TRIM(C89)) -> Pooja | E89: IT | F89: =TRIM(UPPER(E89)) -> IT | G89: 2022/10/24 | H89: =DATEVALUE(G89) -> 44858 | I89: 2025/01/19 | J89: =IF(I89="",TODAY(),DATEVALUE(I89)) -> 45676 | K89: 9383579421 | L89: =VALUE(K89) -> 9383579421 | M89: SURESH@gmail.com | N89: =TRIM(LOWER(M89)) -> suresh@gmail.com | O89: 22336 | P89: =IF(O89<20000,"Below 20K", IF(O89<=40000,"20K-40K", IF(O89<=60000,"40K-60K", IF(O89<=80000,"60K-80K", "Above 80K")))) -> 20K-40K | R89: M14 | S89: =TRIM(CLEAN(SUBSTITUTE(R89," ",""))) -> M14 | T89: RESIGNED | U89: =TRIM(UPPER(T89)) -> RESIGNED | V89: =DATEDIF(H89,J89,"D") -> 818 | W89: =DATEDIF(H89,J89,"M") -> 26 | X89: =DATEDIF(H89,J89,"Y") -> 2 | AA89: =IF(AND(O89>80000,X89<2),"CHECK","OK") -> OK
A90: EMP89 | B90: =TRIM(UPPER(A90)) -> EMP89 | C90: Sunita | D90: =PROPER(TRIM(C90)) -> Sunita | E90: IT | F90: =TRIM(UPPER(E90)) -> IT | G90: 2022/12/28 | H90: =DATEVALUE(G90) -> 44923 | I90: 2024/11/16 | J90: =IF(I90="",TODAY(),DATEVALUE(I90)) -> 45612 | K90: 9731920574 | L90: =VALUE(K90) -> 9731920574 | M90: Amit@company.com | N90: =TRIM(LOWER(M90)) -> amit@company.com | O90: 73367 | P90: =IF(O90<20000,"Below 20K", IF(O90<=40000,"20K-40K", IF(O90<=60000,"40K-60K", IF(O90<=80000,"60K-80K", "Above 80K")))) -> 60K-80K | R90: M14 | S90: =TRIM(CLEAN(SUBSTITUTE(R90," ",""))) -> M14 | T90: On Hold | U90: =TRIM(UPPER(T90)) -> ON HOLD | V90: =DATEDIF(H90,J90,"D") -> 689 | W90: =DATEDIF(H90,J90,"M") -> 22 | X90: =DATEDIF(H90,J90,"Y") -> 1 | AA90: =IF(AND(O90>80000,X90<2),"CHECK","OK") -> OK
A91: EMP90 | B91: =TRIM(UPPER(A91)) -> EMP90 | C91: Amit | D91: =PROPER(TRIM(C91)) -> Amit | E91: Sales | F91: =TRIM(UPPER(E91)) -> SALES | G91: 23-11-2023 | H91: =DATEVALUE(G91) -> 45253 | I91: 18-09-2027 | J91: =IF(I91="",TODAY(),DATEVALUE(I91)) -> 46648 | K91: 9632028890 | L91: =VALUE(K91) -> 9632028890 | M91: vikas@company.com | N91: =TRIM(LOWER(M91)) -> vikas@company.com | O91: 84519 | P91: =IF(O91<20000,"Below 20K", IF(O91<=40000,"20K-40K", IF(O91<=60000,"40K-60K", IF(O91<=80000,"60K-80K", "Above 80K")))) -> Above 80K | R91: M 19 | S91: =TRIM(CLEAN(SUBSTITUTE(R91," ",""))) -> M19 | T91: On Hold | U91: =TRIM(UPPER(T91)) -> ON HOLD | V91: =DATEDIF(H91,J91,"D") -> 1395 | W91: =DATEDIF(H91,J91,"M") -> 45 | X91: =DATEDIF(H91,J91,"Y") -> 3 | AA91: =IF(AND(O91>80000,X91<2),"CHECK","OK") -> OK
A92: EMP91 | B92: =TRIM(UPPER(A92)) -> EMP91 | C92: vikas | D92: =PROPER(TRIM(C92)) -> Vikas | E92: IT | F92: =TRIM(UPPER(E92)) -> IT | G92: 2020/12/05 | H92: =DATEVALUE(G92) -> 44170 | J92: =IF(I92="",TODAY(),DATEVALUE(I92)) -> 46024 | K92: 9387766279 | L92: =VALUE(K92) -> 9387766279 | M92: ankit@company.com | N92: =TRIM(LOWER(M92)) -> ankit@company.com | O92: 18820 | P92: =IF(O92<20000,"Below 20K", IF(O92<=40000,"20K-40K", IF(O92<=60000,"40K-60K", IF(O92<=80000,"60K-80K", "Above 80K")))) -> Below 20K | R92: M23 | S92: =TRIM(CLEAN(SUBSTITUTE(R92," ",""))) -> M23 | T92: On Hold | U92: =TRIM(UPPER(T92)) -> ON HOLD | V92: =DATEDIF(H92,J92,"D") -> 1854 | W92: =DATEDIF(H92,J92,"M") -> 60 | X92: =DATEDIF(H92,J92,"Y") -> 5 | AA92: =IF(AND(O92>80000,X92<2),"CHECK","OK") -> OK
A93: emp92 | B93: =TRIM(UPPER(A93)) -> EMP92 | C93: Pooja | D93: =PROPER(TRIM(C93)) -> Pooja | E93: it | F93: =TRIM(UPPER(E93)) -> IT | G93: 2021/12/14 | H93: =DATEVALUE(G93) -> 44544 | I93: 2025/10/06 | J93: =IF(I93="",TODAY(),DATEVALUE(I93)) -> 45936 | K93: 9844127862 | L93: =VALUE(K93) -> 9844127862 | M93: Sunita@company.com | N93: =TRIM(LOWER(M93)) -> sunita@company.com | O93: 36271 | P93: =IF(O93<20000,"Below 20K", IF(O93<=40000,"20K-40K", IF(O93<=60000,"40K-60K", IF(O93<=80000,"60K-80K", "Above 80K")))) -> 20K-40K | R93: M22 | S93: =TRIM(CLEAN(SUBSTITUTE(R93," ",""))) -> M22 | T93: On Hold | U93: =TRIM(UPPER(T93)) -> ON HOLD | V93: =DATEDIF(H93,J93,"D") -> 1392 | W93: =DATEDIF(H93,J93,"M") -> 45 | X93: =DATEDIF(H93,J93,"Y") -> 3 | AA93: =IF(AND(O93>80000,X93<2),"CHECK","OK") -> OK
A94: EMP93 | B94: =TRIM(UPPER(A94)) -> EMP93 | C94: neha | D94: =PROPER(TRIM(C94)) -> Neha | E94: IT | F94: =TRIM(UPPER(E94)) -> IT | G94: 16-11-2021 | H94: =DATEVALUE(G94) -> 44516 | I94: 2023/12/15 | J94: =IF(I94="",TODAY(),DATEVALUE(I94)) -> 45275 | K94: 9828757360 | L94: =VALUE(K94) -> 9828757360 | M94: Pooja@company.com | N94: =TRIM(LOWER(M94)) -> pooja@company.com | O94: 20835 | P94: =IF(O94<20000,"Below 20K", IF(O94<=40000,"20K-40K", IF(O94<=60000,"40K-60K", IF(O94<=80000,"60K-80K", "Above 80K")))) -> 20K-40K | R94: M12 | S94: =TRIM(CLEAN(SUBSTITUTE(R94," ",""))) -> M12 | T94: RESIGNED | U94: =TRIM(UPPER(T94)) -> RESIGNED | V94: =DATEDIF(H94,J94,"D") -> 759 | W94: =DATEDIF(H94,J94,"M") -> 24 | X94: =DATEDIF(H94,J94,"Y") -> 2 | AA94: =IF(AND(O94>80000,X94<2),"CHECK","OK") -> OK
A95: EMP94 | B95: =TRIM(UPPER(A95)) -> EMP94 | C95: ravi | D95: =PROPER(TRIM(C95)) -> Ravi | E95: hr | F95: =TRIM(UPPER(E95)) -> HR | G95: 2019/06/07 | H95: =DATEVALUE(G95) -> 43623 | I95: 2020/06/27 | J95: =IF(I95="",TODAY(),DATEVALUE(I95)) -> 44009 | K95: 9758816519 | L95: =VALUE(K95) -> 9758816519 | M95: neha@company.com | N95: =TRIM(LOWER(M95)) -> neha@company.com | O95: 37432 | P95: =IF(O95<20000,"Below 20K", IF(O95<=40000,"20K-40K", IF(O95<=60000,"40K-60K", IF(O95<=80000,"60K-80K", "Above 80K")))) -> 20K-40K | R95: M25 | S95: =TRIM(CLEAN(SUBSTITUTE(R95," ",""))) -> M25 | T95: On Hold | U95: =TRIM(UPPER(T95)) -> ON HOLD | V95: =DATEDIF(H95,J95,"D") -> 386 | W95: =DATEDIF(H95,J95,"M") -> 12 | X95: =DATEDIF(H95,J95,"Y") -> 1 | AA95: =IF(AND(O95>80000,X95<2),"CHECK","OK") -> OK
A96: EMP95 | B96: =TRIM(UPPER(A96)) -> EMP95 | C96: ankit | D96: =PROPER(TRIM(C96)) -> Ankit | E96: hr | F96: =TRIM(UPPER(E96)) -> HR | G96: 2023/12/03 | H96: =DATEVALUE(G96) -> 45263 | I96: 07-05-2026 | J96: =IF(I96="",TODAY(),DATEVALUE(I96)) -> 46149 | K96: 9841727344 | L96: =VALUE(K96) -> 9841727344 | M96: ravi@company.com | N96: =TRIM(LOWER(M96)) -> ravi@company.com | O96: 61106 | P96: =IF(O96<20000,"Below 20K", IF(O96<=40000,"20K-40K", IF(O96<=60000,"40K-60K", IF(O96<=80000,"60K-80K", "Above 80K")))) -> 60K-80K | R96: M9 | S96: =TRIM(CLEAN(SUBSTITUTE(R96," ",""))) -> M9 | T96: RESIGNED | U96: =TRIM(UPPER(T96)) -> RESIGNED | V96: =DATEDIF(H96,J96,"D") -> 886 | W96: =DATEDIF(H96,J96,"M") -> 29 | X96: =DATEDIF(H96,J96,"Y") -> 2 | AA96: =IF(AND(O96>80000,X96<2),"CHECK","OK") -> OK
A97: emp96 | B97: =TRIM(UPPER(A97)) -> EMP96 | C97: KIRAN | D97: =PROPER(TRIM(C97)) -> Kiran | E97: Sales | F97: =TRIM(UPPER(E97)) -> SALES | G97: 06-03-2021 | H97: =DATEVALUE(G97) -> 44261 | I97: 2024/07/17 | J97: =IF(I97="",TODAY(),DATEVALUE(I97)) -> 45490 | K97: 9594756100 | L97: =VALUE(K97) -> 9594756100 | M97: neha@gmail.com | N97: =TRIM(LOWER(M97)) -> neha@gmail.com | O97: 62069 | P97: =IF(O97<20000,"Below 20K", IF(O97<=40000,"20K-40K", IF(O97<=60000,"40K-60K", IF(O97<=80000,"60K-80K", "Above 80K")))) -> 60K-80K | R97: M18 | S97: =TRIM(CLEAN(SUBSTITUTE(R97," ",""))) -> M18 | T97: RESIGNED | U97: =TRIM(UPPER(T97)) -> RESIGNED | V97: =DATEDIF(H97,J97,"D") -> 1229 | W97: =DATEDIF(H97,J97,"M") -> 40 | X97: =DATEDIF(H97,J97,"Y") -> 3 | AA97: =IF(AND(O97>80000,X97<2),"CHECK","OK") -> OK
A98: EMP97 | B98: =TRIM(UPPER(A98)) -> EMP97 | C98: ravi | D98: =PROPER(TRIM(C98)) -> Ravi | E98: Sales | F98: =TRIM(UPPER(E98)) -> SALES | G98: 2023/01/05 | H98: =DATEVALUE(G98) -> 44931 | I98: 2026/09/18 | J98: =IF(I98="",TODAY(),DATEVALUE(I98)) -> 46283 | K98: 9170482684 | L98: =VALUE(K98) -> 9170482684 | M98: Sunita@company.com | N98: =TRIM(LOWER(M98)) -> sunita@company.com | O98: 51835 | P98: =IF(O98<20000,"Below 20K", IF(O98<=40000,"20K-40K", IF(O98<=60000,"40K-60K", IF(O98<=80000,"60K-80K", "Above 80K")))) -> 40K-60K | R98: M18 | S98: =TRIM(CLEAN(SUBSTITUTE(R98," ",""))) -> M18 | T98: resigned | U98: =TRIM(UPPER(T98)) -> RESIGNED | V98: =DATEDIF(H98,J98,"D") -> 1352 | W98: =DATEDIF(H98,J98,"M") -> 44 | X98: =DATEDIF(H98,J98,"Y") -> 3 | AA98: =IF(AND(O98>80000,X98<2),"CHECK","OK") -> OK
A99: EMP98 | B99: =TRIM(UPPER(A99)) -> EMP98 | C99: ankit | D99: =PROPER(TRIM(C99)) -> Ankit | E99: hr | F99: =TRIM(UPPER(E99)) -> HR | G99: 2022/10/24 | H99: =DATEVALUE(G99) -> 44858 | J99: =IF(I99="",TODAY(),DATEVALUE(I99)) -> 46024 | K99: 9831807096 | L99: =VALUE(K99) -> 9831807096 | M99: vikas@company.com | N99: =TRIM(LOWER(M99)) -> vikas@company.com | O99: 39034 | P99: =IF(O99<20000,"Below 20K", IF(O99<=40000,"20K-40K", IF(O99<=60000,"40K-60K", IF(O99<=80000,"60K-80K", "Above 80K")))) -> 20K-40K | R99: M1 | S99: =TRIM(CLEAN(SUBSTITUTE(R99," ",""))) -> M1 | T99: Active | U99: =TRIM(UPPER(T99)) -> ACTIVE | V99: =DATEDIF(H99,J99,"D") -> 1166 | W99: =DATEDIF(H99,J99,"M") -> 38 | X99: =DATEDIF(H99,J99,"Y") -> 3 | AA99: =IF(AND(O99>80000,X99<2),"CHECK","OK") -> OK
A100: EMP99 | B100: =TRIM(UPPER(A100)) -> EMP99 | C100: RAHUL | D100: =PROPER(TRIM(C100)) -> Rahul | E100: Sales | F100: =TRIM(UPPER(E100)) -> SALES | G100: 17-06-2020 | H100: =DATEVALUE(G100) -> 43999 | I100: 2024/07/02 | J100: =IF(I100="",TODAY(),DATEVALUE(I100)) -> 45475 | K100: 9362510904 | L100: =VALUE(K100) -> 9362510904 | M100: Amit@company.com | N100: =TRIM(LOWER(M100)) -> amit@company.com | O100: 58967 | P100: =IF(O100<20000,"Below 20K", IF(O100<=40000,"20K-40K", IF(O100<=60000,"40K-60K", IF(O100<=80000,"60K-80K", "Above 80K")))) -> 40K-60K | R100: M 3 | S100: =TRIM(CLEAN(SUBSTITUTE(R100," ",""))) -> M3 | T100: Active | U100: =TRIM(UPPER(T100)) -> ACTIVE | V100: =DATEDIF(H100,J100,"D") -> 1476 | W100: =DATEDIF(H100,J100,"M") -> 48 | X100: =DATEDIF(H100,J100,"Y") -> 4 | AA100: =IF(AND(O100>80000,X100<2),"CHECK","OK") -> OK
...

Sheet Clean_Data
A1: Emp ID Clean | B1: Emp Name Clean | C1: Department Clean | D1: Join Date Clean | E1: End Date Clean | F1: Mobile No Clean | G1: Email Clean | H1: Salary | I1: Salary Range | J1: Salary Range Count Below 20K | K1: Salary Range Count 20K-40k | L1: Salary Range Count 40k-60k | M1: Salary Range Count 60k-80k | N1: Salary Range Count Above 80k | O1: Manager ID Clean | P1: Status Clean | Q1: Experience Days | R1: Experience Months | S1: Experience Years | T1: Total Resigned | U1: Total Active | V1: Total On Hold | W1: Avg Exp Resi Emp Years | X1: Avg Exp Active Emp Months | Y1: Highest 1st Salary | Z1: Highest 5th Salary | AA1: High Salary & Low Exp Audit
A2: =Messy_Data!B2 -> EMP1 | B2: =Messy_Data!D2 -> Ravi | C2: =Messy_Data!F2 -> IT | D2: =Messy_Data!H2 -> 44578 | E2: =Messy_Data!J2 -> 45720 | F2: =Messy_Data!L2 -> 9878481087 | G2: =Messy_Data!N2 -> amit@company.com | H2: =Messy_Data!O2 -> 16661 | I2: =Messy_Data!P2 -> Below 20K | J2: =Messy_Data!Q3 -> 38 | K2: =Messy_Data!Q6 -> 76 | L2: =Messy_Data!Q9 -> 66 | M2: =Messy_Data!Q12 -> 69 | N2: =Messy_Data!Q15 -> 51 | O2: =Messy_Data!S2 -> M4 | P2: =Messy_Data!U2 -> RESIGNED | Q2: =Messy_Data!V2 -> 1142 | R2: =Messy_Data!W2 -> 37 | S2: =Messy_Data!X2 -> 3 | T2: =Messy_Data!Y2 -> 120 | U2: =Messy_Data!Y5 -> 105 | V2: =Messy_Data!Y8 -> 75 | W2: =Messy_Data!Z2 -> 1.9166667 | X2: =Messy_Data!Z5 -> 29.066667 | Y2: =Messy_Data!Z8 -> 94569 | Z2: =Messy_Data!Z11 -> 94195 | AA2: =Messy_Data!AA2 -> OK
A3: =Messy_Data!B3 -> EMP2 | B3: =Messy_Data!D3 -> Ravi | C3: =Messy_Data!F3 -> FINANCE | D3: =Messy_Data!H3 -> 45151 | E3: =Messy_Data!J3 -> 45245 | F3: =Messy_Data!L3 -> 9377218497 | G3: =Messy_Data!N3 -> pooja@company.com | H3: =Messy_Data!O3 -> 66881 | I3: =Messy_Data!P3 -> 60K-80K | O3: =Messy_Data!S3 -> M8 | P3: =Messy_Data!U3 -> RESIGNED | Q3: =Messy_Data!V3 -> 94 | R3: =Messy_Data!W3 -> 3 | S3: =Messy_Data!X3 -> 0 | AA3: =Messy_Data!AA3 -> OK
A4: =Messy_Data!B4 -> EMP3 | B4: =Messy_Data!D4 -> Ankit | C4: =Messy_Data!F4 -> HR | D4: =Messy_Data!H4 -> 44890 | E4: =Messy_Data!J4 -> 44997 | F4: =Messy_Data!L4 -> 9595920356 | G4: =Messy_Data!N4 -> suresh@company.com | H4: =Messy_Data!O4 -> 86913 | I4: =Messy_Data!P4 -> Above 80K | O4: =Messy_Data!S4 -> M3 | P4: =Messy_Data!U4 -> ON HOLD | Q4: =Messy_Data!V4 -> 107 | R4: =Messy_Data!W4 -> 3 | S4: =Messy_Data!X4 -> 0 | AA4: =Messy_Data!AA4 -> CHECK
A5: =Messy_Data!B5 -> EMP4 | B5: =Messy_Data!D5 -> Ravi | C5: =Messy_Data!F5 -> IT | D5: =Messy_Data!H5 -> 44088 | E5: =Messy_Data!J5 -> 44598 | F5: =Messy_Data!L5 -> 9941224943 | G5: =Messy_Data!N5 -> neha@company.com | H5: =Messy_Data!O5 -> 33885 | I5: =Messy_Data!P5 -> 20K-40K | O5: =Messy_Data!S5 -> M8 | P5: =Messy_Data!U5 -> ACTIVE | Q5: =Messy_Data!V5 -> 510 | R5: =Messy_Data!W5 -> 16 | S5: =Messy_Data!X5 -> 1 | AA5: =Messy_Data!AA5 -> OK
A6: =Messy_Data!B6 -> EMP5 | B6: =Messy_Data!D6 -> Amit | C6: =Messy_Data!F6 -> SALES | D6: =Messy_Data!H6 -> 44516 | E6: =Messy_Data!J6 -> 45889 | F6: =Messy_Data!L6 -> 9245370465 | G6: =Messy_Data!N6 -> ravi@company.com | H6: =Messy_Data!O6 -> 94504 | I6: =Messy_Data!P6 -> Above 80K | O6: =Messy_Data!S6 -> M9 | P6: =Messy_Data!U6 -> RESIGNED | Q6: =Messy_Data!V6 -> 1373 | R6: =Messy_Data!W6 -> 45 | S6: =Messy_Data!X6 -> 3 | AA6: =Messy_Data!AA6 -> OK
A7: =Messy_Data!B7 -> EMP6 | B7: =Messy_Data!D7 -> Sunita | C7: =Messy_Data!F7 -> FINANCE | D7: =Messy_Data!H7 -> 43744 | E7: =Messy_Data!J7 -> 43898 | F7: =Messy_Data!L7 -> 9349938125 | G7: =Messy_Data!N7 -> kiran@company.com | H7: =Messy_Data!O7 -> 49791 | I7: =Messy_Data!P7 -> 40K-60K | O7: =Messy_Data!S7 -> M16 | P7: =Messy_Data!U7 -> RESIGNED | Q7: =Messy_Data!V7 -> 154 | R7: =Messy_Data!W7 -> 5 | S7: =Messy_Data!X7 -> 0 | AA7: =Messy_Data!AA7 -> OK
A8: =Messy_Data!B8 -> EMP7 | B8: =Messy_Data!D8 -> Ravi | C8: =Messy_Data!F8 -> FINANCE | D8: =Messy_Data!H8 -> 44214 | E8: =Messy_Data!J8 -> 46024 | F8: =Messy_Data!L8 -> 9900001110 | G8: =Messy_Data!N8 -> kiran@company.com | H8: =Messy_Data!O8 -> 86686 | I8: =Messy_Data!P8 -> Above 80K | O8: =Messy_Data!S8 -> M2 | P8: =Messy_Data!U8 -> RESIGNED | Q8: =Messy_Data!V8 -> 1810 | R8: =Messy_Data!W8 -> 59 | S8: =Messy_Data!X8 -> 4 | AA8: =Messy_Data!AA8 -> OK
A9: =Messy_Data!B9 -> EMP8 | B9: =Messy_Data!D9 -> Sunita | C9: =Messy_Data!F9 -> HR | D9: =Messy_Data!H9 -> 44726 | E9: =Messy_Data!J9 -> 46061 | F9: =Messy_Data!L9 -> 9125742616 | G9: =Messy_Data!N9 -> pooja@gmail.com | H9: =Messy_Data!O9 -> 37975 | I9: =Messy_Data!P9 -> 20K-40K | O9: =Messy_Data!S9 -> M13 | P9: =Messy_Data!U9 -> ACTIVE | Q9: =Messy_Data!V9 -> 1335 | R9: =Messy_Data!W9 -> 43 | S9: =Messy_Data!X9 -> 3 | AA9: =Messy_Data!AA9 -> OK
A10: =Messy_Data!B10 -> EMP9 | B10: =Messy_Data!D10 -> Pooja | C10: =Messy_Data!F10 -> IT | D10: =Messy_Data!H10 -> 44959 | E10: =Messy_Data!J10 -> 45844 | F10: =Messy_Data!L10 -> 9188103283 | G10: =Messy_Data!N10 -> neha@company.com | H10: =Messy_Data!O10 -> 18480 | I10: =Messy_Data!P10 -> Below 20K | O10: =Messy_Data!S10 -> M13 | P10: =Messy_Data!U10 -> RESIGNED | Q10: =Messy_Data!V10 -> 885 | R10: =Messy_Data!W10 -> 29 | S10: =Messy_Data!X10 -> 2 | AA10: =Messy_Data!AA10 -> OK
A11: =Messy_Data!B11 -> EMP10 | B11: =Messy_Data!D11 -> Ravi | C11: =Messy_Data!F11 -> IT | D11: =Messy_Data!H11 -> 44424 | E11: =Messy_Data!J11 -> 45026 | F11: =Messy_Data!L11 -> 9526289266 | G11: =Messy_Data!N11 -> sunita@company.com | H11: =Messy_Data!O11 -> 72669 | I11: =Messy_Data!P11 -> 60K-80K | O11: =Messy_Data!S11 -> M14 | P11: =Messy_Data!U11 -> ON HOLD | Q11: =Messy_Data!V11 -> 602 | R11: =Messy_Data!W11 -> 19 | S11: =Messy_Data!X11 -> 1 | AA11: =Messy_Data!AA11 -> OK
A12: =Messy_Data!B12 -> EMP11 | B12: =Messy_Data!D12 -> Sunita | C12: =Messy_Data!F12 -> HR | D12: =Messy_Data!H12 -> 43497 | E12: =Messy_Data!J12 -> 43684 | F12: =Messy_Data!L12 -> 9302136537 | G12: =Messy_Data!N12 -> neha@company.com | H12: =Messy_Data!O12 -> 17443 | I12: =Messy_Data!P12 -> Below 20K | O12: =Messy_Data!S12 -> M12 | P12: =Messy_Data!U12 -> RESIGNED | Q12: =Messy_Data!V12 -> 187 | R12: =Messy_Data!W12 -> 6 | S12: =Messy_Data!X12 -> 0 | AA12: =Messy_Data!AA12 -> OK
A13: =Messy_Data!B13 -> EMP12 | B13: =Messy_Data!D13 -> Pooja | C13: =Messy_Data!F13 -> HR | D13: =Messy_Data!H13 -> 43532 | E13: =Messy_Data!J13 -> 44342 | F13: =Messy_Data!L13 -> 9887171748 | G13: =Messy_Data!N13 -> suresh@company.com | H13: =Messy_Data!O13 -> 57006 | I13: =Messy_Data!P13 -> 40K-60K | O13: =Messy_Data!S13 -> M20 | P13: =Messy_Data!U13 -> ACTIVE | Q13: =Messy_Data!V13 -> 810 | R13: =Messy_Data!W13 -> 26 | S13: =Messy_Data!X13 -> 2 | AA13: =Messy_Data!AA13 -> OK
A14: =Messy_Data!B14 -> EMP13 | B14: =Messy_Data!D14 -> Suresh | C14: =Messy_Data!F14 -> HR | D14: =Messy_Data!H14 -> 44811 | E14: =Messy_Data!J14 -> 44964 | F14: =Messy_Data!L14 -> 9561915728 | G14: =Messy_Data!N14 -> ankit@company.com | H14: =Messy_Data!O14 -> 94507 | I14: =Messy_Data!P14 -> Above 80K | O14: =Messy_Data!S14 -> M24 | P14: =Messy_Data!U14 -> ON HOLD | Q14: =Messy_Data!V14 -> 153 | R14: =Messy_Data!W14 -> 5 | S14: =Messy_Data!X14 -> 0 | AA14: =Messy_Data!AA14 -> CHECK
... A301: =Messy_Data!B301 -> EMP300 | B301: =Messy_Data!D301 -> Ankit | C301: =Messy_Data!F301 -> SALES | D301: =Messy_Data!H301 -> 43888 | E301: =Messy_Data!J301 -> 44884 | F301: =Messy_Data!L301 -> 9346875401 | G301: =Messy_Data!N301 -> neha@company.com | H301: =Messy_Data!O301 -> 58738 | I301: =Messy_Data!P301 -> 40K-60K | O301: =Messy_Data!S301 -> M11 | P301: =Messy_Data!U301 -> ACTIVE | Q301: =Messy_Data!V301 -> 996 | R301: =Messy_Data!W301 -> 32 | S301: =Messy_Data!X301 -> 2 | AA301: =Messy_Data!AA301 -> OK

Sheet Pivote_Table
A2: Count of Emp ID Clean | B2: Status Clean | H2: Manager ID Clean | I2: Count of Emp ID Clean
A3: Department Clean | B3: ACTIVE | C3: RESIGNED | D3: Grand Total | H3: M1 | I3: 1
A4: FINANCE | C4: 1 | D4: 1 | H4: M2 | I4: 1
A5: SALES | B5: 1 | D5: 1 | H5: Grand Total | I5: 2
A6: Grand Total | B6: 1 | C6: 1 | D6: 2
D11: Department Clean | E11: Average of Experience Years
D12: FINANCE | E12: 4
D13: SALES | E13: 4
D14: Grand Total | E14: 4
A26: Department Clean | B26: Average of Salary
A27: FINANCE | B27: 62508
A28: SALES | B28: 71743 | D28: Salary Range | E28: Count of Emp ID Clean
A29: Grand Total | B29: 67125.5 | D29: 60K-80K | E29: 2
D30: Grand Total | E30: 2

Sheet Dasboard
AA9: 300
AA11: 105
AA12: 120
AA13: 75
